id,domain,status,purchase_price,renewal_price,attractiveness,demand,length,registrar,created_at,expires_at,status_verified_at
af08033a-aac7-4646-bd01-619a32469423,eclectic.estate,available,15.99,38.99,high,low,8,namesilo,,,27/09/2026 06:58
f105ff9f-e9a3-48c7-9d92-c54b89436be5,overladen.estate,available,6.98,52.98,medium,low,9,namecheap,,,04/09/2026 20:51
c80e3508-dd69-4cd3-9a76-d3f29bb58786,movies.estate,available,15.99,38.99,high,low,6,namesilo,,,02/10/2026 21:58
6e460987-6d23-4b25-aa7c-0ac2f2f59349,badge.estate,available,6.98,52.98,high,low,5,namecheap,,,19/09/2026 15:56
bd38c1f1-f407-4519-a5d3-ea0b7451d9f3,williamsport.estate,available,8.24,31.41,medium,low,12,porkbun,,,29/09/2026 15:53
59c34e9b-6b7e-43bf-b2a3-61cc9abb6683,excused.estate,available,6.98,52.98,medium,low,7,namecheap,,,17/08/2026 16:44
a7515fab-b2cd-41ef-a531-921aa78c1be6,laminar.estate,available,6.98,52.98,high,low,7,namecheap,,,22/08/2026 19:07
66f4e43c-a26f-4561-9ce9-18a3df8bd9fd,realised.estate,available,15.99,38.99,high,low,8,namesilo,,,23/09/2026 17:33
c6475d69-4cdc-4f05-a3a7-01fbd3c98999,counterpart.estate,available,15.99,38.99,high,low,11,namesilo,,,30/09/2026 03:28
a241cd24-6ae6-45ac-825a-2ad1fa2754fe,amended.estate,available,6.98,52.98,medium,low,7,namecheap,,,
f6e4cdfa-6c9a-4519-b34e-8a5b9a4a6818,platforms.estate,available,15.99,38.99,medium,low,9,namesilo,,,01/10/2026 00:18
3af9708c-7e7e-44d0-964f-7c3713024009,kato.estate,available,15,,high,low,4,unstoppable,,,29/09/2026 09:49
68194ef2-40c0-4ae4-ae94-6b5e683348fc,freudian.estate,available,6.98,52.98,medium,low,8,namecheap,,,18/08/2026 15:26
339abb46-735b-4138-957d-d6367af70e98,markers.estate,available,8.24,32.21,low,low,7,dynadot,,,29/09/2026 06:04
6b8ac24b-a4e8-4db4-91cc-a1bc11a45f09,kinetic.estate,available,6.98,52.98,high,low,7,namecheap,,,17/08/2026 06:45
e0d343cc-9ab6-40f8-bb87-85c677833090,gilmer.estate,available,6.98,52.98,medium,low,6,namecheap,,,01/10/2026 19:15
6451aa13-9c19-4a5c-9698-db77b2714853,autoerotic.estate,available,6.98,52.98,medium,low,10,namecheap,,,07/08/2026 20:01
b5dfc0cb-55d4-4ecd-9b9e-d6072685fcb1,pledge.estate,available,8.24,31.41,high,low,6,porkbun,,,27/09/2026 15:17
0f30176e-2879-4a2c-8e5b-74602e7b5e34,iga.estate,available,6.41,31.25,medium,low,3,spaceship,,,29/09/2026 13:05
51d5f025-5082-4b0c-b5d7-ee968f0fc9b8,analects.estate,available,14.99,50.99,medium,low,8,name.com,,,19/09/2026 01:48
653e24b9-92c0-4ffd-b118-80d407838345,vilnius.estate,available,6.41,31.25,medium,low,7,spaceship,,,28/09/2026 18:34
d1b287c3-417d-4b77-8c0a-76c48b90c138,wilkinson.estate,available,15.99,38.99,high,low,9,namesilo,,,25/09/2026 10:42
7049f547-092d-44f8-8c86-053ace3d3118,requires.estate,available,6.98,52.98,medium,low,8,namecheap,,,18/09/2026 15:31
da921504-a8fe-48f3-8611-b1368f7c3a28,emile.estate,available,30.2,30.2,medium,low,5,cloudflare,,,27/09/2026 13:23
8093cb5a-3a54-4d42-8361-5a4b98a3ec4a,chios.estate,available,6.41,31.25,medium,low,5,spaceship,,,02/10/2026 23:59
167caf9e-1fb0-4fd4-a96d-b0aaf8124ba8,amory.estate,available,6.41,31.25,medium,low,5,spaceship,,,02/10/2026 00:25
b1bc885c-07b2-401b-8abc-56caae95428d,experimenting.estate,available,6.41,31.25,high,low,13,spaceship,,,29/09/2026 08:49
a45d3d2b-fd3a-43e8-8623-29e309c3fd5a,marius.estate,available,15.99,38.99,high,low,6,namesilo,,,28/09/2026 03:53
01ddcf4a-122f-4caf-aa12-0ebe49813404,variably.estate,available,15.99,38.99,medium,low,8,namesilo,,,16/09/2026 10:46
d4974b11-6956-4f18-873f-4e75b1e4c056,dusty.estate,available,6.98,52.98,high,low,5,namecheap,,,14/08/2026 21:35
ebfb9a82-62ca-43c8-9d9b-807ff30d7b44,thrashing.estate,available,6.98,52.98,medium,low,9,namecheap,,,13/09/2026 07:54
9675cebb-6b5c-4df1-8dd2-eebff10deae8,surgeons.estate,available,6.41,31.25,medium,low,8,spaceship,,,28/09/2026 17:27
623f14ad-ce2f-4fc3-b81f-5de1175f96ed,taxonomy.estate,available,30.2,30.2,high,low,8,cloudflare,,,30/09/2026 03:01
0b35eee7-4cb1-4544-830f-4e455375af50,opalescent.estate,available,6.98,52.98,medium,low,10,namecheap,,,04/09/2026 15:43
c329a78b-ba93-4836-9439-6c5cc888574e,christ.estate,available,8.24,32.21,high,low,6,dynadot,,,29/09/2026 09:03
f3c1f199-3e9f-4ee4-b9e3-025e5fa0eebe,nts.estate,available,6.41,31.25,high,low,3,spaceship,,,01/10/2026 08:33
51472971-0b0a-4b91-a49d-7c35458c40e2,avogadro.estate,available,6.98,52.98,medium,low,8,namecheap,,,18/09/2026 17:51
adc5cc6c-3a3f-4c1f-9f07-2e2a77685624,tran.estate,available,15,,high,low,4,unstoppable,,,29/09/2026 03:38
9167a1f2-0fa7-4834-88e3-659105142878,snacks.estate,available,15.99,38.99,high,low,6,namesilo,,,30/09/2026 00:03
f69ffee9-48fe-4549-9954-a2a73a93f51e,cupcake.estate,available,14.99,50.99,high,low,7,name.com,,,24/09/2026 20:16
7272254e-692c-456a-b68e-29528633b155,ascendency.estate,available,15.99,38.99,high,low,10,namesilo,,,20/09/2026 13:06
194e58b9-ec7e-4ebf-9b36-a6d553639e40,rhythmical.estate,available,6.98,52.98,high,low,10,namecheap,,,09/09/2026 17:05
25059c7e-d4e8-4289-ac3b-fb89d9510064,arran.estate,available,15.99,38.99,medium,low,5,namesilo,,,01/10/2026 23:18
1da8f311-24da-4750-82b3-e16e6a27b7d4,casanova.estate,available,15.99,38.99,high,low,8,namesilo,,,02/10/2026 04:18
1153f7ed-6e5a-4dd4-933d-4dc53a814432,fawning.estate,available,6.98,52.98,medium,low,7,namecheap,,,10/08/2026 19:43
9deaf504-26ca-4be5-8ba9-b3eab3d3e761,logo.estate,available,6.41,31.25,high,low,4,spaceship,,,30/09/2026 21:05
53a152c9-db35-4e68-a7a2-5c66dd51fe46,screw.estate,available,6.98,52.98,high,low,5,namecheap,,,18/08/2026 17:26
208c2b75-3fa0-47cb-84f6-d6d21c13ba53,youths.estate,available,14.99,67.99,medium,low,6,godaddy,,,01/10/2026 00:09
0cbf662b-e4c7-44d8-863a-cecb8db58a64,hick.estate,available,6.98,52.98,medium,low,4,namecheap,,,11/08/2026 09:44
969f50b0-6e1f-4d96-9df8-a3b270a3021b,attest.estate,available,6.98,52.98,high,low,6,namecheap,,,24/08/2026 15:02
4db6238f-c854-4106-8681-e6fd0a9730bf,marin.estate,available,15.99,38.99,high,low,5,namesilo,,,25/09/2026 15:45
892c8387-c115-4db2-adee-472fe4e26299,tian.estate,available,15,,medium,low,4,unstoppable,,,28/09/2026 16:02
82dc8b08-4ebe-44c9-a0d2-3e491718f18d,phase.estate,available,8.24,32.21,high,low,5,dynadot,,,30/09/2026 06:41
4bcfb32b-094a-4cd5-80e6-f3ad6a09cdf0,birchbark.estate,available,6.98,52.98,medium,low,9,namecheap,,,23/09/2026 19:23
63878534-af49-44ad-9bff-c35276f94531,awaits.estate,available,15.99,38.99,medium,low,6,namesilo,,,30/09/2026 07:34
ed336485-5f29-40ad-8ec3-ce309b13ffc7,bargello.estate,available,15.99,38.99,medium,low,8,namesilo,,,22/09/2026 05:48
ab687250-d8c0-4c7f-87e6-2d7da6f73f73,lilting.estate,available,6.98,52.98,high,low,7,namecheap,,,23/08/2026 08:41
c1a26f9e-1147-41cc-944e-6dc4be731cfa,diluted.estate,available,6.98,52.98,medium,low,7,namecheap,,,14/08/2026 07:45
e6a5d4ab-4dc3-410a-af81-a3d6e63de287,friendship.estate,available,15,,high,low,10,unstoppable,,,29/09/2026 19:59
23e0d71b-ea74-49a6-b7e3-662cc01f1cfa,fucked.estate,available,30.2,30.2,medium,low,6,cloudflare,,,29/09/2026 21:06
4632e90b-a623-42aa-bac7-e54d10b98589,manifested.estate,available,30.2,30.2,medium,low,10,cloudflare,,,30/09/2026 06:51
145b23bf-7a0d-474f-9286-df810f73fd36,tangy.estate,available,6.98,52.98,high,low,5,namecheap,,,22/08/2026 23:32
befff16d-e159-43c4-b5b6-2fb9eee5f545,engagements.estate,available,6.41,31.25,medium,low,11,spaceship,,,30/09/2026 07:14
0646c0de-d641-45a6-8396-73cda2fb2879,vhs.estate,available,15.99,38.99,high,low,3,namesilo,,,16/09/2026 06:26
90cbf16c-455f-4bdd-9c2f-c8559b6c425f,babushka.estate,available,15.99,38.99,high,low,8,namesilo,,,21/09/2026 12:58
de920eb6-b620-4747-b1d3-c6baf86ebd91,inconsistent.estate,available,15.99,38.99,medium,low,12,namesilo,,,01/10/2026 06:14
ac1ff568-3b6a-47ec-a265-03d56ef08826,credible.estate,available,6.98,52.98,high,low,8,namecheap,,,09/08/2026 12:56
7785834a-ffbf-4eb3-a2a5-5b3862957c9f,orphanage.estate,available,15,,high,low,9,unstoppable,,,28/09/2026 10:38
f1510d3f-2b41-47de-a48b-f0af553862fa,easter.estate,available,15.99,38.99,high,low,6,namesilo,,,24/09/2026 13:11
a4895192-1336-417a-a425-41bbfc12d093,content.estate,available,15.99,38.99,high,medium,7,namesilo,,,02/10/2026 07:22
560500c1-dde8-49e0-b704-b60b13a5878b,anhydride.estate,available,15.99,38.99,medium,low,9,namesilo,,,19/09/2026 08:24
50880f99-b289-4c37-9b8f-6c2c27275ee0,shute.estate,available,15.99,38.99,medium,low,5,namesilo,,,02/10/2026 16:11
0db893f7-75fc-4919-9fdc-6acf5cc454c9,illegitimate.estate,available,15,,medium,low,12,unstoppable,,,30/09/2026 03:36
f681bf09-740d-494f-8df6-4bcef5dbdff9,attrition.estate,available,15.99,38.99,medium,low,9,namesilo,,,21/09/2026 02:20
43e2a98b-4493-44cd-a7f5-36db7002bdd1,voc.estate,available,8.24,31.41,high,low,3,porkbun,,,02/10/2026 18:20
a7cc54c3-6338-48c7-8de8-e8ab833d7a42,routines.estate,available,6.98,52.98,medium,low,8,namecheap,,,30/09/2026 15:00
70478a22-e784-4a75-a3e2-2c0bc9683ce9,formative.estate,available,6.98,52.98,high,low,9,namecheap,,,18/08/2026 12:07
e66b87df-4780-4cb4-b622-7151f2010861,felted.estate,available,6.98,52.98,medium,low,6,namecheap,,,18/08/2026 01:00
108c15f6-e013-4d72-b163-f966b9c9f6d1,low.estate,available,15.99,38.99,high,low,3,namesilo,,,21/09/2026 13:54
2c20c38f-dde0-4544-bd35-1550bc96405e,souvenirs.estate,available,30.2,30.2,medium,low,9,cloudflare,,,01/10/2026 18:24
fc165621-6c78-4150-ae89-7fdb8c8aae48,pigfish.estate,available,6.98,52.98,medium,low,7,namecheap,,,17/09/2026 00:46
e2d64eb0-8e23-444e-a948-747999e78584,dramatic.estate,available,14.99,50.99,high,low,8,name.com,,,24/09/2026 12:04
85034476-58db-4169-94d5-ed42cbd7e0c7,milanese.estate,available,6.98,52.98,medium,low,8,namecheap,,,24/08/2026 22:53
314c0825-f315-44ae-b9d9-3c146c78da4e,melvin.estate,available,6.98,52.98,high,low,6,namecheap,,,26/09/2026 03:21
4314a7bd-57c1-412e-895b-5805427f268a,examples.estate,available,15.99,38.99,medium,low,8,namesilo,,,29/09/2026 11:13
b19d3e15-1b56-4596-b8dc-3cc6f5d463b5,phonic.estate,available,6.98,52.98,medium,low,6,namecheap,,,08/09/2026 19:06
b9a486f2-e5cb-4504-a8a1-932616fcf5cf,peep.estate,available,15.99,38.99,high,low,4,namesilo,,,24/09/2026 14:07
112a3190-a2c7-41b4-a134-5f135265ec9e,millionaire.estate,available,15,,high,low,11,unstoppable,,,28/09/2026 07:04
56907366-edad-47f7-9593-61eee50881c7,schweitzer.estate,available,15.99,38.99,high,low,10,namesilo,,,18/09/2026 02:40
3d0867bc-c904-4c43-94bb-8102d66839b6,enrico.estate,available,15.99,38.99,medium,low,6,namesilo,,,28/09/2026 13:31
5993e0e3-f50b-48a6-882d-438afb865bc7,liquor.estate,available,6.41,31.25,high,low,6,spaceship,,,29/09/2026 03:40
fd46fbb6-5e03-4782-8140-bd6f7382d0ed,nonprofit.estate,available,15.99,38.99,medium,low,9,namesilo,,,02/10/2026 11:43
da16451d-e34b-49b6-8fe6-c0b9f106ad59,ripping.estate,available,6.98,52.98,medium,low,7,namecheap,,,09/09/2026 13:59
09a6a167-30fd-43a1-a589-d4d42d8fd1af,moo.estate,available,6.98,52.98,high,low,3,namecheap,,,24/08/2026 10:19
d5305d5e-ef3f-4de8-b1f6-47c9c7462984,viable.estate,available,6.98,52.98,high,low,6,namecheap,,,17/08/2026 16:52
e1e5da4c-79d3-4352-a837-b47d28788838,abhorrence.estate,available,15.99,38.99,medium,low,10,namesilo,,,16/09/2026 15:25
c07ece4f-4f92-49f3-90bb-02be82b046bc,chap.estate,available,15.99,38.99,medium,low,4,namesilo,,,24/09/2026 06:13
5b7cc205-cdf7-468a-bf3a-ad6eff159501,xxxiv.estate,available,6.98,52.98,medium,low,5,namecheap,,,
6bc3e567-134b-4350-9cdf-6fbdb0c71eed,handing.estate,available,30.2,30.2,medium,low,7,cloudflare,,,28/09/2026 11:31
10720142-b305-4f46-ba3b-895ffa88249c,yamaha.estate,available,8.24,31.41,high,low,6,porkbun,,,29/09/2026 03:39
c4f8fbe7-3d3b-42dd-9cf3-0ec4993efbdf,anagram.estate,available,6.41,31.25,high,low,7,spaceship,,,28/09/2026 21:09
4cbd23de-ca53-411d-b954-9d1f1d078eaf,austerlitz.estate,available,15.99,38.99,medium,low,10,namesilo,,,21/09/2026 04:41
e5f05477-e213-4b96-bc98-6352789d1759,brazenly.estate,available,6.98,52.98,medium,low,8,namecheap,,,14/09/2026 01:24
c83acf4d-29ec-4c06-8608-1d0fa9aae78a,bimetal.estate,available,6.98,52.98,high,low,7,namecheap,,,09/08/2026 22:52
d3c6d3be-f326-420d-9a31-476491ed4739,codes.estate,available,15.99,38.99,high,low,5,namesilo,,,02/10/2026 08:55
c3f401c3-e405-4df6-a9dd-7f8c581cffa6,mercury.estate,available,6.98,52.98,high,medium,7,namecheap,,,09/09/2026 08:45
2a83eda8-eda3-4c6a-94a1-2f1a6ef1da01,limbless.estate,available,6.98,52.98,medium,low,8,namecheap,,,23/08/2026 12:35
6ecd163e-d57a-47a5-a14e-55b7d203295b,debasement.estate,available,15.99,38.99,medium,low,10,namesilo,,,17/09/2026 10:16
f5735d35-afe2-4577-8477-edd6f873504d,standardized.estate,available,15,,high,low,12,unstoppable,,,30/09/2026 19:58
7bb4e0d9-cc1d-408b-946a-7bbe000668de,anyone.estate,available,15,,high,low,6,unstoppable,,,01/10/2026 00:39
f026ff2f-e7fd-4d40-80fe-9dee77c6f7b4,slavonic.estate,available,6.98,52.98,high,low,8,namecheap,,,10/09/2026 10:34
3345e65c-d94b-4020-916d-eda589fe22ca,galois.estate,available,6.41,31.25,medium,low,6,spaceship,,,02/10/2026 04:45
7a0692ff-6e8f-4761-b84a-44540993e6a7,cereals.estate,available,30.2,30.2,medium,low,7,cloudflare,,,02/10/2026 23:32
a8b15a6c-4137-45d0-aa06-356db4cc416f,beside.estate,available,15.99,38.99,high,low,6,namesilo,,,01/10/2026 03:19
37207f4c-73d6-44c9-9c8d-f6db9a12d4b0,laser.estate,available,15.99,38.99,high,low,5,namesilo,,,28/09/2026 02:15
1f20876a-e804-437a-8ab1-c21cf4a7d3de,splits.estate,available,15.99,38.99,high,low,6,namesilo,,,20/09/2026 07:59
4ee16d99-e226-4e74-8648-0280e5939f47,photic.estate,available,6.98,52.98,high,low,6,namecheap,,,08/09/2026 19:17
7c959121-d65d-4354-a84e-5b92f6c06065,gallium.estate,available,6.98,52.98,medium,low,7,namecheap,,,20/09/2026 22:50
589ea3aa-500b-4b85-a5e0-6512c19ea71b,scattering.estate,available,15.99,38.99,high,low,10,namesilo,,,24/09/2026 22:59
234fbd09-d0df-493c-bbaf-922fd52b629c,ctv.estate,available,15.99,38.99,high,low,3,namesilo,,,01/10/2026 22:19
dbab8b8e-9434-4089-975e-ce101818dd3d,deny.estate,available,15.99,38.99,high,low,4,namesilo,,,25/09/2026 11:07
ce208fb4-f7b9-46fc-9a6c-540a245112ed,mean.estate,available,6.98,52.98,high,low,4,namecheap,,,22/09/2026 18:47
59b0817e-3b21-416e-aa37-6ac5a8995d92,timetable.estate,available,15,,high,low,9,unstoppable,,,28/09/2026 20:39
8b65960b-c088-431c-bbe5-9e40eee58f77,clinical.estate,available,15,31.25,high,low,8,unstoppable,,,01/10/2026 21:10
06f5b423-f60d-46b9-ac4f-49d3f13ea7be,dishonour.estate,available,15,,medium,low,9,unstoppable,,,29/09/2026 15:45
86d0469c-8b61-4a79-9e09-54429911809e,consumption.estate,available,15.99,38.99,high,low,11,namesilo,,,02/10/2026 22:31
bee83460-1de4-4ab0-bc09-f2e1beb45abf,allocation.estate,available,15.99,38.99,high,low,10,namesilo,,,18/09/2026 11:47
1562bdaa-4ff5-45f1-a367-022e65e72129,pembroke.estate,available,15.99,38.99,medium,low,8,namesilo,,,02/10/2026 16:22
a905c3d8-98df-43b5-a1a0-3fa4188090dd,louvain.estate,available,6.41,31.25,medium,low,7,spaceship,,,30/09/2026 05:07
35976a6d-feaa-4aa5-8ad2-cc222106e4f0,heap.estate,available,6.98,52.98,high,low,4,namecheap,,,25/08/2026 00:28
341dca47-563e-471c-8a6e-3816cd28da98,bettering.estate,available,6.98,52.98,high,low,9,namecheap,,,09/08/2026 18:11
db3b5b6c-126b-4d52-833f-6345f91c2cba,und.estate,available,15.99,38.99,high,low,3,namesilo,,,25/09/2026 11:22
b4105af3-d059-453a-85af-a3bb6e5f6db3,svetlana.estate,available,15.99,38.99,high,low,8,namesilo,,,02/10/2026 00:36
0d5c5b17-f3ea-472d-8394-9bc28f81e0e9,inexperienced.estate,available,15.99,38.99,medium,low,13,namesilo,,,30/09/2026 11:41
3aed95d4-1706-4425-85f9-71063e2ecff1,pottsville.estate,available,15,,medium,low,10,unstoppable,,,02/10/2026 10:34
34de972e-96a1-4b74-a2a9-ef80530c7b74,bpi.estate,available,15.99,38.99,high,low,3,namesilo,,,23/09/2026 22:46
3dc49b67-5228-4229-8931-d2ed4eb505ae,alternator.estate,available,15.99,38.99,medium,low,10,namesilo,,,18/09/2026 14:48
39e47b67-5685-47c8-ac81-c490d46eeb09,clxv.estate,available,6.98,52.98,medium,low,4,namecheap,,,
2608bfc1-d889-40f3-bb26-ffa873eab315,clay.estate,available,6.41,31.25,high,low,4,spaceship,,,29/09/2026 05:45
f7a02153-39c4-43fb-ad7e-c0b72bc6ab73,kei.estate,available,8.24,32.21,medium,low,3,dynadot,,,01/10/2026 10:28
6d9431e4-cd60-4234-8d87-d58c60aca7ee,janie.estate,available,15.99,38.99,high,low,5,namesilo,,,01/10/2026 08:49
18719898-c31f-44f2-af6c-c9b85bd30cbc,sensuous.estate,available,6.98,52.98,high,low,8,namecheap,,,10/09/2026 03:48
c3af4237-a2a8-4455-9828-b21fa901bcd5,magical.estate,available,15.99,38.99,high,low,7,namesilo,,,25/09/2026 16:07
577bbd7f-0dfe-421c-bbe0-cbebb164c59a,isidore.estate,available,30.2,30.2,medium,low,7,cloudflare,,,30/09/2026 00:09
453eca6b-f402-4b81-85ab-8dc87b39cc4e,pita.estate,available,30.2,30.2,high,low,4,cloudflare,,,30/09/2026 06:47
1284d67d-49bd-4f32-84b3-5dd130af7e89,deflected.estate,available,6.41,31.25,medium,low,9,spaceship,,,02/10/2026 21:41
0d2ae225-7d0b-40f6-bbff-9e3d7de0579e,stabilized.estate,available,6.98,52.98,medium,low,10,namecheap,,,10/09/2026 17:54
8d9ed639-3d11-4681-a572-ebd180126bc1,topless.estate,available,6.98,52.98,medium,low,7,namecheap,,,08/08/2026 18:33
437d7557-e839-41c6-9aba-74960138336b,affirmed.estate,available,6.98,52.98,high,low,8,namecheap,,,17/09/2026 14:27
7588e34a-ec94-4989-8cca-eb5943263fb2,torque.estate,available,6.41,31.25,high,low,6,spaceship,,,01/10/2026 21:57
734e4366-e6b2-4bb7-92d3-a831c1b89fad,pharmaceutical.estate,available,15.99,38.99,high,low,14,namesilo,,,19/09/2026 04:12
e7f095f1-7ca8-49a7-ae19-b6ca84e799b4,bandoneon.estate,available,15.99,38.99,medium,low,9,namesilo,,,22/09/2026 01:29
3efe66fa-867c-4a61-ad9a-dfbaa3fc46ef,nicotine.estate,available,30.2,30.2,medium,low,8,cloudflare,,,29/09/2026 19:49
e2a4557d-2ad1-42fd-a9bb-4409faf33e4d,jos.estate,available,6.41,31.25,medium,low,3,spaceship,,,29/09/2026 03:35
4454d4f4-7ee2-4f49-827b-263fd720903e,hiding.estate,available,6.98,52.98,high,low,6,namecheap,,,08/09/2026 11:45
4378bfeb-799f-4d61-8cb2-9f2bfc68364b,deathbed.estate,available,30.2,30.2,medium,low,8,cloudflare,,,03/10/2026 00:26
7e481982-b3cd-4519-b864-6d93f406e17e,locomotor.estate,available,6.98,52.98,high,low,9,namecheap,,,24/08/2026 08:50
7ba861d2-52e4-4cfd-a1ea-a1b698f1ad08,grp.estate,available,15.99,38.99,high,low,3,namesilo,,,03/10/2026 02:52
d786cdb2-5a5e-4b4d-86e5-28eb781804f7,existing.estate,available,15.99,38.99,high,low,8,namesilo,,,24/09/2026 15:59
f6da76ef-4956-4891-921b-4946f6638b4a,honourable.estate,available,6.98,52.98,high,low,10,namecheap,,,21/08/2026 13:34
99ca04bd-ed66-4b82-8f5a-b2781b531908,ruthenium.estate,available,15.99,38.99,medium,low,9,namesilo,,,20/09/2026 23:08
b2b6b920-f430-479e-9f0a-47c50e6afa6d,leech.estate,available,15.99,38.99,medium,low,5,namesilo,,,24/09/2026 06:16
6d218ce3-2fde-4957-9775-d9afe7383ca4,briny.estate,available,6.98,52.98,medium,low,5,namecheap,,,11/08/2026 04:25
bf17a2f5-5802-4ce1-9524-9f1873903ad6,gamblers.estate,available,15.99,38.99,medium,low,8,namesilo,,,02/10/2026 23:21
bd8794a7-87d9-4571-8258-958640c935ed,exhausting.estate,available,6.98,52.98,medium,low,10,namecheap,,,14/08/2026 18:21
9548a732-def6-443d-bcfe-fef4a38eb4da,coveted.estate,available,15.99,38.99,high,low,7,namesilo,,,24/09/2026 00:56
c858f2bd-38d3-48ef-ad0c-b07a4d75691e,pods.estate,available,15.99,38.99,medium,low,4,namesilo,,,30/09/2026 00:30
2afb5943-b3cb-4865-a138-8ba00f8d0155,bagasse.estate,available,6.98,52.98,medium,low,7,namecheap,,,21/09/2026 17:47
046ff4c1-9a9a-4c23-9112-4e7877734e59,peachy.estate,available,6.98,52.98,high,low,6,namecheap,,,08/08/2026 12:41
061f7fe7-dd42-4658-96a5-fe77ab4b1271,handles.estate,available,15.99,38.99,medium,low,7,namesilo,,,28/09/2026 13:13
6754a95f-4fcd-4632-96b5-422472d24e48,jets.estate,available,15.99,38.99,high,low,4,namesilo,,,28/09/2026 12:04
d14b4412-3f99-43dd-a9a6-b7145d0e341e,numberless.estate,available,6.98,52.98,high,low,10,namecheap,,,13/08/2026 03:42
311ba5f6-b630-4b57-a3ec-805e9291655a,volar.estate,available,6.98,52.98,medium,low,5,namecheap,,,05/09/2026 00:00
5ae8ddc6-e21d-4b92-8174-fc8ecd345412,dogfish.estate,available,6.98,52.98,high,low,7,namecheap,,,18/09/2026 21:24
d949272d-0701-4db3-b34b-0a3ee2a95fc4,travis.estate,available,15.99,38.99,high,low,6,namesilo,,,25/09/2026 13:01
4186344c-b9de-4469-915c-e2aad5b98ce7,millstone.estate,available,15.99,38.99,medium,low,9,namesilo,,,18/09/2026 02:29
3d35851e-30dd-4090-b8ec-293e22b78b01,demolition.estate,available,6.98,52.98,high,low,10,namecheap,,,24/09/2026 21:50
a752a97d-4f8d-4f00-947a-6e4b9c058e1f,casinos.estate,available,15.99,38.99,high,low,7,namesilo,,,29/09/2026 17:35
3b4b063a-7627-4fb6-a4e0-0b8ba8bb75a8,stubbs.estate,available,6.41,31.25,medium,low,6,spaceship,,,28/09/2026 20:34
0c67bef1-9bcc-4b53-97d4-dd0ea697dd2d,banat.estate,available,15,,medium,low,5,unstoppable,,,03/10/2026 04:00
d09083a9-8a44-4708-a9fd-074b0c766295,averroes.estate,available,6.98,52.98,medium,low,8,namecheap,,,16/09/2026 18:56
e4c40a80-6672-4bb3-92be-6b19e02c48ce,hyaline.estate,available,6.98,52.98,medium,low,7,namecheap,,,21/08/2026 16:06
030315f2-3ebd-4293-b869-0c30401abf62,dickey.estate,available,6.98,52.98,medium,low,6,namecheap,,,14/08/2026 06:29
2a197428-cb88-4bc3-b50d-f380582ca98d,wounded.estate,available,6.98,52.98,high,low,7,namecheap,,,25/09/2026 06:51
f6f41e1a-dd04-4cb8-ab0e-f1e4a95f98e9,nightmare.estate,available,30.2,30.2,high,low,9,cloudflare,,,30/09/2026 05:45
fc074de4-cae1-46e9-9c4d-4764ee3da0db,crashed.estate,available,15.99,38.99,low,low,7,namesilo,,,27/09/2026 11:29
f45a4917-b86b-4a74-b349-12019606749f,bettong.estate,available,15.99,38.99,medium,low,7,namesilo,,,23/09/2026 11:46
b6226349-06ad-4b04-bb31-7d259965cd01,worn.estate,available,15.99,38.99,high,low,4,namesilo,,,23/09/2026 12:58
8be5d37e-06eb-495a-98cd-f2715d9c293b,bezel.estate,available,15.99,38.99,medium,low,5,namesilo,,,23/09/2026 12:19
a323a99f-8052-46d3-8a38-9b9453227fb5,browse.estate,available,15,,high,low,6,unstoppable,,,29/09/2026 04:39
1435fa12-48f9-4196-94b6-40e822407907,kang.estate,available,30.2,30.2,medium,low,4,cloudflare,,,28/09/2026 11:38
58cab4b2-9e4b-426b-a61f-9b8596e6c2b0,shuster.estate,available,15,,medium,low,7,unstoppable,,,02/10/2026 10:10
29617254-5505-4bf6-8caf-e11dba0f7d50,cell.estate,available,15.99,38.99,high,low,4,namesilo,,,01/10/2026 14:17
d4c85a25-260b-45ea-aac7-df75c4e201f1,earthbound.estate,available,6.98,52.98,high,low,10,namecheap,,,14/08/2026 22:37
548c9c65-7ac9-430b-b396-988be66c54f4,blamed.estate,available,6.98,52.98,medium,low,6,namecheap,,,10/08/2026 12:39
dac49fb1-b4a5-4d7e-803f-bf769cea2297,quizzical.estate,available,6.98,52.98,medium,low,9,namecheap,,,09/09/2026 08:39
e5065503-0c8b-4e80-b9e3-cecffd1b1c41,finishing.estate,available,6.98,52.98,high,low,9,namecheap,,,27/09/2026 03:58
b2cfad9a-995f-4b6e-8c08-04da1dabd19c,octavius.estate,available,6.41,31.25,high,low,8,spaceship,,,02/10/2026 00:25
3a14e837-bb0f-4711-847d-8e2a28ebc163,edna.estate,available,15.99,38.99,high,low,4,namesilo,,,27/09/2026 01:34
1db785bc-39a7-4594-a099-786bf1b365ab,mandatory.estate,available,6.98,52.98,high,low,9,namecheap,,,23/09/2026 18:22
4be18c6f-e274-4dfd-a5f4-0c532c1e87ad,kuomintang.estate,available,15,,medium,low,10,unstoppable,,,28/09/2026 14:23
9031e5a7-204c-4d8a-9511-453c3a44ca6c,arches.estate,available,6.41,31.25,medium,low,6,spaceship,,,30/09/2026 05:05
8733cb86-009e-4edd-a037-659fb30d1aa7,solis.estate,resell,,,high,low,5,,,,01/10/2026 11:23
776b8b53-f242-4281-93e8-702eb148492f,storm.estate,available,15.99,38.99,high,medium,5,namesilo,,,25/09/2026 10:14
b70fe78d-f75c-4040-b5a5-ecf53d56e19d,deliverance.estate,available,15.99,38.99,medium,low,11,namesilo,,,02/10/2026 21:42
6cd5ed5a-1bdd-4ff9-bac5-e1880182741d,semiliquid.estate,available,6.98,52.98,medium,low,10,namecheap,,,10/09/2026 03:07
6290a995-1c51-45ed-9e27-0ab4220842dd,ponca.estate,available,6.41,31.25,medium,low,5,spaceship,,,02/10/2026 16:25
b306befa-a225-42c2-b4aa-5d4291638b57,alejandro.estate,available,30.2,30.2,high,low,9,cloudflare,,,28/09/2026 07:52
a369c1b0-1f18-4f5a-b6ad-7857260daddf,escalated.estate,available,6.41,31.25,medium,low,9,spaceship,,,02/10/2026 23:27
d3478b03-c96b-4c91-83a9-c460037515d4,lutheran.estate,available,6.98,52.98,high,low,8,namecheap,,,24/08/2026 12:23
69864ae9-938d-4ef8-8c79-c331348f1e25,esthetical.estate,available,6.98,52.98,high,low,10,namecheap,,,21/09/2026 21:22
744bc0e6-3207-4330-b866-eb593252fc96,annaba.estate,available,15.99,38.99,medium,low,6,namesilo,,,19/09/2026 10:03
23572ad8-d0a5-437a-88c6-67165af12acf,supposed.estate,available,6.98,52.98,high,low,8,namecheap,,,23/09/2026 20:34
0e34136e-03de-427d-a634-85ebbbae59bc,moresque.estate,available,6.98,52.98,medium,low,8,namecheap,,,25/08/2026 06:01
b00b3f6d-7da4-46ab-9da0-0e78b3029f76,untraveled.estate,available,6.98,52.98,medium,low,10,namecheap,,,12/09/2026 21:42
e9e536ff-2e75-478f-818e-a9e8337f04bd,jon.estate,available,6.98,52.98,high,low,3,namecheap,,,25/09/2026 14:02
0ce15eac-d541-4fd0-8a07-bfe76da59fd5,repressed.estate,available,6.98,52.98,medium,low,9,namecheap,,,08/09/2026 14:49
019ef740-cca2-47fb-a8d2-a0a21ccef229,smog.estate,available,15.99,38.99,high,low,4,namesilo,,,02/10/2026 06:26
01b114d2-6177-4a6a-839b-9eb842d2d6c3,beroe.estate,available,15.99,38.99,medium,low,5,namesilo,,,23/09/2026 10:02
e60a489c-297b-48b8-a086-ac47fd66eb49,graphic.estate,available,8.24,32.21,high,low,7,dynadot,,,01/10/2026 15:47
49b55d8e-691a-4013-99e8-27fe1a01ace0,cohomology.estate,available,15,,high,low,10,unstoppable,,,30/09/2026 15:06
706a5a15-25f1-46d7-aeef-ea75e5df0c1e,bode.estate,available,6.98,52.98,medium,low,4,namecheap,,,21/09/2026 03:28
435b246f-5959-4c26-a878-6772db3a7ac0,clandestine.estate,available,15.99,38.99,high,low,11,namesilo,,,02/10/2026 17:35
d410bad0-964f-4c75-8808-3a3d9eb80f28,chaplin.estate,available,6.98,52.98,high,low,7,namecheap,,,28/09/2026 18:39
9a9909e0-61b8-40d5-b1e7-3d1905330ebc,acetonic.estate,available,6.98,52.98,medium,low,8,namecheap,,,
026b5dd0-a4b7-4cae-8d96-c28338f42c94,suit.estate,available,6.98,52.98,high,low,4,namecheap,,,24/09/2026 18:58
ebce008d-422e-4d86-935d-ac5a24198fb1,consoling.estate,available,6.98,52.98,high,low,9,namecheap,,,12/08/2026 22:42
5b7ed4e3-4326-4428-a20e-d6d4dcaf907d,alexis.estate,available,6.98,52.98,high,low,6,namecheap,,,19/09/2026 02:23
0eaf053f-7fdb-400d-8446-f2602bc6da27,motherlike.estate,available,6.98,52.98,medium,low,10,namecheap,,,25/08/2026 07:04
539405e2-63d9-49d1-801b-c33ff2dbedd7,carat.estate,available,15.99,38.99,high,low,5,namesilo,,,24/09/2026 12:45
af33d6d2-94b1-481d-9d8b-1b558d2edc1f,posing.estate,available,6.98,52.98,high,low,6,namecheap,,,10/09/2026 08:59
2711aaac-0837-474d-9618-8a4f15f10832,plantar.estate,available,6.98,52.98,medium,low,7,namecheap,,,08/09/2026 20:50
b52ed62a-cf8d-40c8-ae92-d074f4ca62e2,puffy.estate,available,6.98,52.98,high,low,5,namecheap,,,10/08/2026 21:34
3db26db4-8aa4-43e2-933e-2737818f3ce5,unproven.estate,available,6.98,52.98,medium,low,8,namecheap,,,12/09/2026 17:33
585a452c-b58a-4d90-bfcf-a446f7d6a06a,neaten.estate,available,6.98,52.98,high,low,6,namecheap,,,11/09/2026 15:42
35adbb74-be07-4bc1-be60-582731eda120,bogart.estate,available,8.24,32.21,medium,low,6,dynadot,,,02/10/2026 23:38
1b972849-f3fb-434e-b191-8169fb8cbc12,classified.estate,available,15.99,38.99,high,low,10,namesilo,,,19/09/2026 14:44
0e063cc7-6b7c-4c73-81ba-5b4e9556b4f8,breezy.estate,available,6.98,52.98,high,low,6,namecheap,,,22/09/2026 22:40
56c8eda0-6f87-4bbb-984b-8b1943a774f6,cultured.estate,available,6.98,52.98,high,low,8,namecheap,,,08/09/2026 09:18
6c10d2e3-d40e-487e-b1a5-a7bf0c9bf47b,spit.estate,available,6.98,52.98,medium,low,4,namecheap,,,15/09/2026 20:17
4b26a579-8fa3-48af-990c-c2dd34469ec3,acknowledged.estate,available,30.2,30.2,high,low,12,cloudflare,,,01/10/2026 22:30
37be2064-c641-422d-adea-a392eade844b,heian.estate,available,15,,medium,low,5,unstoppable,,,02/10/2026 23:11
033d2073-22f2-464f-9dbf-7f0e8afdbe83,pce.estate,available,15.99,38.99,high,low,3,namesilo,,,02/10/2026 23:26
43685ddc-8a94-47c3-abfd-fda09b0cdc4a,src.estate,available,6.41,31.25,high,low,3,spaceship,,,29/09/2026 08:26
53cfcdf0-4a3f-4b84-9790-bb901b71b540,falklands.estate,available,15.99,38.99,medium,low,9,namesilo,,,30/09/2026 14:15
549766f6-6454-4c7e-aab4-c64b1f5df8d7,alcaic.estate,available,15.99,38.99,medium,low,6,namesilo,,,18/09/2026 03:46
3b058bcf-efcb-4f37-9a12-825f70358f0c,babbling.estate,available,15.99,38.99,high,low,8,namesilo,,,21/09/2026 12:23
6883a200-13e9-4a1b-878c-8df037d5e5aa,detour.estate,available,15.99,38.99,high,low,6,namesilo,,,29/09/2026 14:19
9ee59ee6-86d6-4ef0-9229-04e89db05c2c,andesite.estate,available,15.99,38.99,medium,low,8,namesilo,,,19/09/2026 04:04
a253713b-e027-4f9b-9173-dac444d84e52,incidence.estate,available,6.41,31.25,high,low,9,spaceship,,,29/09/2026 23:46
a51b963b-ccfb-48e7-9e7d-4d92e29b2daf,depth.estate,available,15.99,38.99,high,low,5,namesilo,,,28/09/2026 01:46
234635b2-b9ff-4a25-9a89-ee3bca9c50d5,wharton.estate,available,15.99,38.99,high,low,7,namesilo,,,25/09/2026 22:32
4b2ce6ff-36da-4aea-9d6e-9410aa89d28e,beadle.estate,available,6.98,52.98,medium,low,6,namecheap,,,22/09/2026 19:31
2e16bbe0-b4ac-48b1-b332-90aea7e8d3e4,arikara.estate,available,15.99,38.99,medium,low,7,namesilo,,,20/09/2026 05:16
fffdfedb-ba1b-4d6b-b5e7-69ff98b53056,erotism.estate,available,15.99,38.99,medium,low,7,namesilo,,,18/09/2026 16:15
0e4d4e90-bf16-4e55-baeb-68619184e40f,arranged.estate,available,15.99,38.99,high,low,8,namesilo,,,22/09/2026 08:25
ba79777e-2afb-4097-8e96-8410b5f6bb89,fremantle.estate,available,15.99,38.99,high,low,9,namesilo,,,29/09/2026 23:48
c8df0673-0b65-48ef-b390-bf50be240372,collateral.estate,available,6.98,52.98,high,low,10,namecheap,,,12/08/2026 16:42
cbcb7638-155c-4dec-8c0c-745487b50d91,players.estate,available,14.99,,high,low,7,name.com,,,
939f7ef0-64b7-425f-8ffe-904f2e7cbf53,carrier.estate,available,15.99,38.99,high,low,7,namesilo,,,28/09/2026 19:39
d622d2c1-3965-4f5d-ae82-a91214acd6ab,aspic.estate,available,15.99,38.99,medium,low,5,namesilo,,,20/09/2026 15:11
a5baa86d-7237-4158-a0f9-b3bea8cd4ee1,affix.estate,available,6.98,52.98,high,low,5,namecheap,,,17/09/2026 14:37
70d36e9c-dc18-4e45-be9b-f3fc362fe56c,oily.estate,available,6.98,52.98,medium,low,4,namecheap,,,11/08/2026 11:42
c5e12d16-8352-4f4f-bc24-cb1660b3fca2,lieutenant.estate,available,15,,high,low,10,unstoppable,,,28/09/2026 02:16
35c4d90a-c202-400a-abfe-35ef275855ac,comate.estate,available,6.98,52.98,low,low,6,namecheap,,,12/08/2026 18:20
722b04cd-4a48-41dd-8798-9a1f0207cd7f,ctc.estate,available,15.99,38.99,high,low,3,namesilo,,,01/10/2026 01:36
9299fafd-40c9-482c-aaed-c34ad09dc60f,overstatement.estate,available,14.99,,medium,low,13,name.com,,,
8c2aa844-a6df-4ccd-8b48-cd2e9caf7cae,pepin.estate,available,15.99,38.99,high,low,5,namesilo,,,01/10/2026 03:18
d2963fe8-25dd-4e3c-a57e-acd4f57ac17a,doable.estate,available,15.99,38.99,high,low,6,namesilo,,,21/09/2026 15:46
09555f0a-8d26-47eb-a992-a02eb4085286,quantal.estate,available,6.98,52.98,medium,low,7,namecheap,,,09/09/2026 07:28
0dff1e17-89cc-4d8c-97b5-40bd3a2b4d4a,sacramento.estate,available,15,,high,low,10,unstoppable,,,29/09/2026 18:11
448d5803-3c59-4d39-ace8-374eadfbd685,overload.estate,available,15,,high,low,8,unstoppable,,,29/09/2026 13:38
dee02ae9-2cb1-4e81-a601-0e30170461b5,forgery.estate,available,6.98,52.98,medium,low,7,namecheap,,,13/08/2026 03:36
86983b09-e881-47ef-b91c-e0949197cc44,ravenswood.estate,available,6.41,31.25,medium,low,10,spaceship,,,02/10/2026 20:56
39f32361-e5a9-424f-8dea-caaed2f8df34,serves.estate,available,15.99,38.99,medium,low,6,namesilo,,,18/09/2026 11:42
0d531808-81e6-43c2-9de0-0b7566877b07,discount.estate,premium,118.8,118.8,high,low,8,namesilo,,,29/09/2026 01:01
b53100e8-6587-4a5a-b028-ad06a734343b,lock.estate,available,15.99,38.99,high,low,4,namesilo,,,29/09/2026 23:33
b4a194c5-b23b-4256-a382-19640cda4f41,robber.estate,available,15,,medium,low,6,unstoppable,,,28/09/2026 10:50
d7f457c8-1aef-48eb-8c97-edec5c9ab385,bacillus.estate,available,15.99,38.99,medium,low,8,namesilo,,,21/09/2026 11:42
b0a02bb9-8f5e-4397-98ea-7d0070e0072c,devoid.estate,available,6.98,52.98,medium,low,6,namecheap,,,14/08/2026 05:13
9275751c-4de1-4645-922a-69f71333940c,edie.estate,available,15.99,38.99,medium,low,4,namesilo,,,30/09/2026 22:02
3e5d3b8a-ab41-4f4f-9ecc-8824939c4f58,fiedler.estate,available,15.99,38.99,high,low,7,namesilo,,,20/09/2026 10:50
1d1c459e-dfeb-4a19-a3ac-d4d4911d4b56,mackay.estate,available,15.99,38.99,medium,low,6,namesilo,,,25/09/2026 16:20
913a0d9b-e1ec-4bdf-8b85-fc67790825c2,waverley.estate,available,6.41,31.25,medium,low,8,spaceship,,,29/09/2026 09:35
6229dcf6-a799-4c3d-a8e2-a19cc0e53cf5,ong.estate,available,15.99,38.99,medium,low,3,namesilo,,,28/09/2026 22:07
95b0cd5d-b29e-4c38-aaf9-ec024cf6b9b8,repeated.estate,available,15.99,38.99,high,low,8,namesilo,,,27/09/2026 11:04
818a13b3-cdc1-4a02-8323-5a3732b68b8a,instinctively.estate,available,30.2,30.2,medium,low,13,cloudflare,,,01/10/2026 22:50
8dcbaeb5-0cb8-4888-9060-1c093e9ffab7,attester.estate,available,15.99,38.99,medium,low,8,namesilo,,,21/09/2026 01:41
e5d4627a-04fa-4a90-8056-74ced46cb82d,marianas.estate,available,6.41,31.25,medium,low,8,spaceship,,,30/09/2026 10:22
a57a6469-3025-4223-ac4a-5d576169390c,stoically.estate,available,15.99,38.99,medium,low,9,namesilo,,,16/09/2026 07:14
0f67b3fc-0ffe-4f47-911c-b7fd3bc4cdec,recovery.estate,available,6.98,52.98,high,low,8,namecheap,,,08/09/2026 13:21
1b86b8ab-f28c-4461-9319-b863c9dcda81,reggio.estate,available,15.99,38.99,medium,low,6,namesilo,,,30/09/2026 12:52
ad421270-bd58-40a1-8de5-18c6d4edb0d3,cubicle.estate,available,8.24,31.41,high,low,7,porkbun,,,02/10/2026 04:18
bc99e789-3677-43f2-a723-aae9bc9ff1eb,exemption.estate,available,15,,high,low,9,unstoppable,,,30/09/2026 17:15
4c1c8862-46c7-4212-82ab-e7e152a4eef7,unq.estate,available,15.99,38.99,medium,low,3,namesilo,,,20/09/2026 22:06
9c418425-2286-4444-87ae-489bc23555cf,disastrous.estate,available,6.98,52.98,medium,low,10,namecheap,,,11/08/2026 13:30
09f04c8c-c432-4a67-be69-062ff974e3f0,legalise.estate,available,6.98,52.98,high,low,8,namecheap,,,22/08/2026 23:07
c32437e7-a1f7-401f-a50a-063af5131520,exploits.estate,available,6.98,52.98,medium,low,8,namecheap,,,30/09/2026 15:37
df4fdd2e-e068-4ba8-8a1e-4ae9eece30cf,dietetic.estate,available,6.98,52.98,medium,low,8,namecheap,,,14/08/2026 06:56
5c95be0e-c0df-43e8-80c8-601b546c8453,theological.estate,available,15,,medium,low,11,unstoppable,,,01/10/2026 13:13
e4b7ed7b-923b-456f-acab-5d6b7fa52710,until.estate,available,8.24,32.21,medium,low,5,dynadot,,,01/10/2026 00:53
c6af7f23-7e73-42ac-9ef1-7f48d846b6c5,lxxx.estate,available,6.98,52.98,medium,low,4,namecheap,,,
d398ae95-7288-42d7-b9b9-cf6435733f39,racetrack.estate,available,8.24,31.41,high,low,10,porkbun,,,30/09/2026 18:25
52e40d1d-c079-43e8-9df3-6b1d39dc0a5e,lxiii.estate,available,6.98,52.98,medium,low,5,namecheap,,,
de0603c4-6c1b-4e8a-a881-500578ab444e,proximate.estate,available,6.98,52.98,high,low,9,namecheap,,,09/09/2026 04:46
22cde2b8-e2ee-4c90-8e13-e71145422506,miserly.estate,available,6.98,52.98,medium,low,7,namecheap,,,24/08/2026 23:45
3def2484-9477-43eb-b2f4-699fec85b808,indoaryan.estate,available,6.98,52.98,medium,low,10,namecheap,,,06/08/2026 23:56
6a3cad95-ca4f-4a65-8f88-f5dcc1eae9b6,dvds.estate,available,8.24,32.21,medium,low,4,dynadot,,,29/09/2026 00:04
f566472b-9652-4603-978c-6af7b4b49e00,westcott.estate,available,14.99,,medium,low,8,name.com,,,
89507979-8530-44b5-9d08-19930c132e93,breathless.estate,available,6.98,52.98,medium,low,10,namecheap,,,11/08/2026 03:23
eaa819ac-d057-4d1c-bb4d-458c39d1684f,sorted.estate,available,6.98,52.98,high,low,6,namecheap,,,20/08/2026 20:24
c0fbd892-a9c2-4541-b16c-9758759cd564,admitted.estate,available,6.41,31.25,medium,low,8,spaceship,,,27/09/2026 22:14
a6a53860-c71b-48c6-b787-6433492c5a61,paid.estate,available,6.98,52.98,high,low,4,namecheap,,,18/08/2026 19:32
826cc441-ccc0-4967-a455-1642bea162d4,directions.estate,available,15.99,38.99,high,low,10,namesilo,,,27/09/2026 09:16
0bdbd78c-a012-4596-afb2-b3c2d0bc399c,lucius.estate,available,15.99,38.99,high,low,6,namesilo,,,25/09/2026 15:11
d41406a3-71fb-49e8-a0fe-1baec3588b5c,hostility.estate,available,15.99,38.99,medium,low,9,namesilo,,,19/09/2026 12:25
8b911f05-b22a-4123-b423-8ab9dd703f05,potential.estate,available,15.99,38.99,high,low,9,namesilo,,,27/09/2026 04:46
72b5b6b1-8608-44ab-b606-b1c8f304f22f,klan.estate,available,30.2,30.2,medium,low,4,cloudflare,,,30/09/2026 10:20
23773b19-4564-4ce1-89e5-77d0080457ae,plankton.estate,available,6.41,31.25,high,low,8,spaceship,,,01/10/2026 21:18
357dc6b5-8db7-42da-93f1-c2bc43b844ed,untried.estate,available,6.98,52.98,medium,low,7,namecheap,,,12/09/2026 21:15
1cd697d8-79ad-4374-89bb-8492e29a9c5a,berserk.estate,available,6.98,52.98,medium,low,7,namecheap,,,
555c1660-33cc-44df-bf19-ba5b8265cd6a,moulding.estate,available,15.99,38.99,medium,low,8,namesilo,,,24/09/2026 15:25
1caaaa76-064a-49ff-a16e-4d0a1e57165f,punic.estate,available,6.98,52.98,medium,low,5,namecheap,,,11/08/2026 19:51
51c4227d-b425-4c2c-9c80-577dffb77e92,titanic.estate,available,6.98,52.98,high,low,7,namecheap,,,11/09/2026 16:30
52e801d9-bc7b-456f-9f76-4430f1a15cd9,balancer.estate,available,6.98,52.98,medium,low,8,namecheap,,,21/09/2026 20:52
a073b2e4-6b17-4d77-bc0a-d324f6c88b03,domesday.estate,available,15.99,38.99,medium,low,8,namesilo,,,29/09/2026 09:11
7d1b40dd-da16-43b6-a5f7-d1cadadf4e15,ert.estate,available,6.41,31.25,high,low,3,spaceship,,,02/10/2026 14:55
d5f38b82-f9a4-4497-8d5b-645102d2b68b,initiating.estate,available,6.41,31.25,medium,low,10,spaceship,,,30/09/2026 14:45
fa572dc5-a0c5-4b5a-9f2e-f5b3d63637bb,editorial.estate,available,6.98,52.98,high,low,9,namecheap,,,15/08/2026 11:07
3c3b4922-b486-4bdb-92f3-8d47dc312bd5,void.estate,available,15.99,38.99,high,medium,4,namesilo,,,25/09/2026 23:24
1a292f4b-5f83-4483-97dd-c0e40dd0fc7b,chimerical.estate,available,6.98,52.98,medium,low,10,namecheap,,,12/08/2026 05:38
065c4df3-96fd-42e8-a3c7-ae7ed4b922f5,sarawak.estate,available,15.99,38.99,medium,low,7,namesilo,,,28/09/2026 15:18
a95af4c1-d81c-4da6-a387-469362f5641c,liberal.estate,available,6.98,52.98,high,low,7,namecheap,,,09/08/2026 20:57
44ceadf8-4875-4c55-805b-e564ed3aa4b3,nora.estate,available,6.98,52.98,high,low,4,namecheap,,,25/09/2026 14:35
2de8f1ba-1e07-42a3-9b03-1bc3597022bf,veridical.estate,available,6.98,52.98,medium,low,9,namecheap,,,13/09/2026 02:24
d708bbe3-93c5-486a-8da5-5add3b259574,biophysics.estate,available,6.98,52.98,high,low,10,namecheap,,,23/09/2026 18:50
ca5ec504-4828-4842-8043-7b90d6be1469,touchdowns.estate,available,15.99,38.99,medium,low,10,namesilo,,,19/09/2026 23:06
fcee5c80-9160-4eb9-bed4-a42c57753b35,ecumenical.estate,available,6.98,52.98,medium,low,10,namecheap,,,15/08/2026 04:38
4d42d3d5-7bbc-4d67-85d3-0bf52377f4ef,chair.estate,available,6.98,52.98,high,low,5,namecheap,,,25/09/2026 21:14
1f97d195-063f-4612-b0c7-81f9df0b2a33,centenary.estate,available,6.98,52.98,high,low,9,namecheap,,,11/08/2026 23:54
c2c75cdf-a073-44c3-8c0b-0ed39b957dde,pleaded.estate,available,6.41,31.25,medium,low,7,spaceship,,,29/09/2026 22:56
ddc27528-76dd-415b-9f3c-97ffee7484ae,clare.estate,available,6.41,31.25,high,low,5,spaceship,,,29/09/2026 03:17
636219aa-3e0a-49d3-b72d-1226af4063ea,anaphora.estate,available,15.99,38.99,medium,low,8,namesilo,,,19/09/2026 02:13
b8d13090-5a60-4f46-9249-c8ec73bf4763,addams.estate,available,15.99,38.99,medium,low,6,namesilo,,,29/09/2026 23:22
61060c59-9508-4cfd-97ab-0d17942944a9,gems.estate,premium,118.8,118.8,high,low,4,namesilo,,,19/09/2026 19:45
d69b19b5-2ea9-49cf-9de0-55229789f28a,naomi.estate,available,6.41,31.25,medium,low,5,spaceship,,,28/09/2026 14:57
99ff3bf2-b1cc-4a27-aa2a-a05cc5ac4c1f,emerged.estate,available,30.2,30.2,medium,low,7,cloudflare,,,29/09/2026 16:31
6706a1aa-df17-486a-b305-cf4568a4957b,petitions.estate,available,15.99,38.99,medium,low,9,namesilo,,,02/10/2026 13:44
f8cc83fa-4b70-476e-aad7-4c8a87e75035,stricken.estate,available,6.98,52.98,high,low,8,namecheap,,,
157289ab-5b91-4dde-9468-f7cb7199c7c8,sarajevo.estate,available,6.41,31.25,high,low,8,spaceship,,,28/09/2026 06:43
6d91af22-4cea-4f1e-9f8f-c9aa9f3d1059,abatement.estate,available,15.99,38.99,medium,low,9,namesilo,,,16/09/2026 14:09
e9e1e9d2-ce22-4a98-8f6a-6bdb4075e1a8,shy.estate,available,6.98,52.98,high,low,3,namecheap,,,27/09/2026 21:35
5cd3026e-18df-40f0-8b14-fe83938d23b7,twee.estate,available,14.99,50.99,high,low,4,name.com,,,13/08/2026 15:49
b63fc953-265c-4a00-bb43-03bf1cd8db58,platonic.estate,available,6.98,52.98,high,low,8,namecheap,,,08/09/2026 20:53
8d9b1396-ae43-4ad6-948a-763f4846e3a3,imitate.estate,available,15,,high,low,7,unstoppable,,,29/09/2026 14:14
3234c197-e0d9-45a3-952e-f14decf31de0,number.estate,available,6.98,52.98,high,low,6,namecheap,,,25/09/2026 23:29
568efcdc-17d7-4913-aef6-09b933f8c8dc,aguirre.estate,available,8.24,31.41,high,low,7,porkbun,,,30/09/2026 05:28
22c0aa8e-5ec7-4424-98b9-47d4d7060ae4,contralto.estate,available,6.98,52.98,medium,low,9,namecheap,,,
50638ecd-1ddf-4139-9fdd-aa6206509e24,abdominal.estate,available,6.98,52.98,high,low,9,namecheap,,,21/09/2026 13:47
b094aa48-0207-42ac-a65b-1d8502006b21,hunk.estate,available,8.24,32.21,high,low,4,dynadot,,,02/10/2026 15:45
7d1b00dc-b70a-4531-b943-5b492f526066,fancy.estate,available,15.99,38.99,high,low,5,namesilo,,,24/09/2026 16:32
9d1e6b78-93b4-4d1f-9cd8-22422eb619cf,roller.estate,available,30.2,30.2,high,low,6,cloudflare,,,29/09/2026 13:05
b5aca3d2-340f-46cb-949a-b8dbf1c373b4,conan.estate,available,15.99,38.99,medium,low,5,namesilo,,,28/09/2026 07:59
5b7e45f9-b71b-4e2a-8bf7-0205e9fa8583,tribune.estate,available,6.98,52.98,medium,low,7,namecheap,,,29/09/2026 14:05
0b9ef0da-dbe4-4126-8d67-599202971a6a,galaxies.estate,available,15.99,38.99,high,low,8,namesilo,,,30/09/2026 14:49
c0c76ae1-3336-4d74-8ee7-e33eed3c90fe,technical.estate,available,15.99,38.99,high,low,9,namesilo,,,02/10/2026 12:55
63f5b5c2-6ebc-41bb-95ea-f45c0e1a1230,migrator.estate,available,6.98,52.98,medium,low,8,namecheap,,,24/08/2026 22:51
7a7d3f28-3161-4b55-bf30-eec8a1029b9f,lightless.estate,available,6.98,52.98,medium,low,9,namecheap,,,23/08/2026 04:36
1b12770f-aed5-49ed-995d-bbd5ed099bec,apocalypse.estate,available,6.98,52.98,medium,low,10,namecheap,,,19/09/2026 18:10
544f5770-e13c-4e09-8a52-6e0d12916487,younger.estate,available,6.98,52.98,high,low,7,namecheap,,,25/09/2026 12:10
8d1bf9fa-773d-4c38-a913-31a7df1e01c1,homey.estate,available,6.98,52.98,high,low,5,namecheap,,,21/08/2026 11:06
9717fa48-8290-43df-a773-60abd40acfb7,creatures.estate,available,15.99,38.99,medium,low,9,namesilo,,,27/09/2026 03:06
f495e626-c270-423a-ae22-1c36b48b62b0,brewery.estate,available,6.41,31.25,high,low,7,spaceship,,,28/09/2026 18:30
452bf3a4-0d3e-4f57-ab6b-a87c20bea3b8,gerd.estate,available,15,,high,low,4,unstoppable,,,30/09/2026 13:04
18de51b4-8d29-4ccf-9859-e2b2ff611385,blackheart.estate,available,15.99,38.99,medium,low,10,namesilo,,,24/09/2026 02:49
a96fcaf0-1bb2-4caf-8a61-8e605ed3cf8f,semiotical.estate,available,6.98,52.98,medium,low,10,namecheap,,,10/09/2026 03:15
0cf1edbd-4567-41e1-b0dd-9c17d4b7c85a,engaging.estate,available,15.99,38.99,high,low,8,namesilo,,,02/10/2026 11:09
3702ddf3-d79c-465f-82f2-ca7c5cbb50e3,nasal.estate,available,6.98,52.98,medium,low,5,namecheap,,,03/09/2026 13:33
b2b26133-a9f3-404b-abee-e6c1910b4cf7,alphonse.estate,available,8.24,32.21,medium,low,8,dynadot,,,28/09/2026 21:53
4b566fa0-73c3-4e1d-9e7a-03ba0884d2aa,taping.estate,available,30.2,30.2,high,low,6,cloudflare,,,01/10/2026 04:01
2435b850-0fbe-44e8-adfb-4584abce405d,violins.estate,available,6.41,31.25,medium,low,7,spaceship,,,02/10/2026 13:24
deb02902-5657-4c20-be6f-120df05e58ce,projections.estate,available,15.99,38.99,medium,low,11,namesilo,,,30/09/2026 06:43
61848373-8f6b-4b9c-8cea-ba6ee008dfd7,backtalk.estate,available,6.98,52.98,medium,low,9,namecheap,,,21/09/2026 14:51
8f44bd4c-d35f-4f50-8c13-b8491c49ea0c,unfortunate.estate,available,14.99,50.99,medium,low,11,name.com,,,26/09/2026 03:07
7a91100e-370d-48ad-ae1b-09ab3536f7b4,quart.estate,available,8.24,31.41,medium,low,5,porkbun,,,03/10/2026 00:31
1c1d6017-b9ff-406a-899b-177d7839f41d,violent.estate,available,6.98,52.98,high,low,7,namecheap,,,11/09/2026 09:46
7935c9f0-d571-4da0-afae-1301b6d58c3b,pressure.estate,available,15.99,38.99,high,low,8,namesilo,,,24/09/2026 23:12
8548a866-5e0a-4e53-9c77-a7b9d561d3e9,imprudent.estate,available,6.98,52.98,medium,low,9,namecheap,,,21/08/2026 23:23
699100da-9fea-43b0-a304-e1086bc31a40,liner.estate,available,15,,high,low,5,unstoppable,,,30/09/2026 02:08
c6e72089-1d88-43cc-aeb1-079676146531,charged.estate,available,6.98,52.98,high,low,7,namecheap,,,12/08/2026 02:31
0e2a41bc-f10b-470f-84fa-ecfb459c3187,commedia.estate,available,6.98,52.98,high,low,8,namecheap,,,02/10/2026 23:15
69ca2d77-6e43-41db-a0ae-4932c69ec670,saporous.estate,available,6.98,52.98,medium,low,8,namecheap,,,18/08/2026 07:16
fdca2b31-5cda-46a0-b4bd-ea52c1edd3f8,norse.estate,available,6.98,52.98,high,low,5,namecheap,,,03/09/2026 21:11
a4cce27a-9a06-4292-8294-b741c1528904,grouping.estate,available,6.41,31.25,high,low,8,spaceship,,,29/09/2026 21:36
a278c973-324d-4407-bee9-97ad9c9a96b1,isil.estate,available,6.41,31.25,medium,low,4,spaceship,,,02/10/2026 20:21
b8320a12-7bde-46ff-ba22-635c571b397f,notified.estate,available,6.41,31.25,medium,low,8,spaceship,,,28/09/2026 05:08
601e7722-20b5-4759-9f71-678cbcaec005,manageable.estate,available,15.99,38.99,high,low,10,namesilo,,,01/10/2026 13:54
dc7add26-df0a-469a-a74e-49bcee24a941,corpulence.estate,available,6.98,52.98,medium,low,10,namecheap,,,04/09/2026 22:00
10d74e95-5311-4126-b90a-29c34ce9d737,antiquities.estate,available,15,,medium,low,11,unstoppable,,,02/10/2026 01:45
d6f9c88f-1fcf-4e0e-86c5-b7fc3535c6d2,xxvi.estate,available,15.99,38.99,medium,low,4,namesilo,,,21/09/2026 12:52
be0d23df-f43a-470a-8722-d4ab43809907,antonio.estate,available,6.41,31.25,high,low,7,spaceship,,,28/09/2026 03:49
6fbe72ee-9157-42e6-82c7-71a811b507ba,smoothly.estate,available,6.98,52.98,high,low,8,namecheap,,,16/09/2026 02:56
ba59a92e-fa3d-4906-af22-518eb86da0e5,pumps.estate,available,15.99,38.99,medium,low,5,namesilo,,,28/09/2026 17:44
4cf17885-47c2-4ee6-b44b-f4d7741b1950,scotia.estate,available,6.41,31.25,high,low,6,spaceship,,,01/10/2026 23:20
0a992dc7-b52a-4903-9f58-68e4aeb1b9c4,afresh.estate,available,6.98,52.98,medium,low,6,namecheap,,,13/09/2026 18:01
ec2d5ca3-238b-47c3-a93b-f3046bafd3d5,winnebago.estate,available,6.41,31.25,high,low,9,spaceship,,,29/09/2026 14:09
61e1df33-5ee6-464f-ad90-71d7b135978f,aken.estate,available,15.99,38.99,medium,low,4,namesilo,,,16/09/2026 13:08
fe1bda2f-6613-403b-9411-6c6bdd719f28,gemmed.estate,available,6.98,52.98,medium,low,6,namecheap,,,18/08/2026 21:08
6651565e-3c03-435e-a794-4e1e3cc1d2e8,roddy.estate,available,15,,medium,low,5,unstoppable,,,30/09/2026 20:26
0b6d2b39-952d-416e-ba21-b1235b4566cd,reacts.estate,available,6.41,31.25,medium,low,6,spaceship,,,01/10/2026 18:32
187dd8be-dfac-40d5-a747-868e733be687,lyrically.estate,available,6.98,52.98,medium,low,9,namecheap,,,15/09/2026 13:16
a9f8e920-981f-4eb7-a585-bc380ee21a77,shingles.estate,available,15.99,38.99,high,low,8,namesilo,,,02/10/2026 05:14
f017bdb3-f2c3-4d17-b377-996a1642f36f,fungous.estate,available,6.98,52.98,low,low,7,namecheap,,,18/08/2026 18:30
2d59b458-38a3-424f-bca4-bdbd2d99ff8f,handwoven.estate,available,6.98,52.98,medium,low,9,namecheap,,,20/08/2026 23:19
ecc393de-7694-43bb-b7b5-58f3570386ae,abjurer.estate,available,15.99,38.99,medium,low,7,namesilo,,,16/09/2026 16:02
65e921a3-9b71-4c1e-a672-4bc2044c5cfa,coleman.estate,available,15.99,38.99,high,low,7,namesilo,,,25/09/2026 15:48
9abcec1d-d28d-4e5a-b176-f66c9abdd81d,trinitarian.estate,available,15.99,38.99,medium,low,11,namesilo,,,02/10/2026 17:25
0e3a5168-ff80-4a85-8872-b020479786c2,uncarved.estate,available,6.98,52.98,medium,low,8,namecheap,,,12/09/2026 04:48
992d7fe7-7336-4718-8bd4-2d1a758420d1,imprisoned.estate,available,6.98,52.98,medium,low,10,namecheap,,,11/08/2026 18:22
b9d409f6-d25e-41f0-9466-3d48cd5725b9,puzzling.estate,available,6.98,52.98,high,low,8,namecheap,,,17/08/2026 09:15
ae5fd975-ad44-4b41-99ba-2d61b5d84b62,petition.estate,available,30.2,30.2,high,low,8,cloudflare,,,28/09/2026 10:38
a20caf3f-9162-45ed-ba20-7891c57147df,tattle.estate,available,15.99,38.99,medium,low,6,namesilo,,,23/09/2026 23:36
a11b4b88-deb9-4e24-8eac-b1ef0d0a4456,rubus.estate,available,15,,high,low,5,unstoppable,,,02/10/2026 05:02
8cd449f1-1ad8-4adc-a6d0-04172f9b70e2,ingrowing.estate,available,6.98,52.98,medium,low,9,namecheap,,,22/08/2026 04:54
31f59823-dbe6-4799-8f28-652285675225,volley.estate,available,6.41,31.25,high,low,6,spaceship,,,03/10/2026 00:51
9a900adf-3735-42dd-9a3a-ec1f00f02dd9,rasputin.estate,available,6.41,31.25,medium,low,8,spaceship,,,03/10/2026 01:03
4a8d342d-1ece-4e83-9aee-6e3f2962bd00,motored.estate,available,6.98,52.98,medium,low,7,namecheap,,,25/08/2026 08:30
af444454-c817-4da2-aae1-0d9af5a65553,shanxi.estate,available,15.99,38.99,high,low,6,namesilo,,,30/09/2026 13:24
1e33ede0-483c-4ebc-a46f-1298ecebc9bc,bakshish.estate,available,15.99,38.99,medium,low,8,namesilo,,,21/09/2026 15:53
a09c1b6b-590a-4bf7-b75e-5423573153a4,marshfield.estate,available,15,,medium,low,10,unstoppable,,,02/10/2026 01:13
00152577-e6dd-4fca-b3e7-39c3569228e5,snarl.estate,available,6.98,52.98,medium,low,5,namecheap,,,24/08/2026 16:56
66b4ed97-d27a-425a-b7bb-b97876e4097e,suspicious.estate,available,6.98,52.98,medium,low,10,namecheap,,,22/08/2026 22:28
aec44cb8-7b54-4679-bc19-be3a1a5994a5,heroin.estate,available,15.99,38.99,medium,low,6,namesilo,,,24/09/2026 22:03
d662be31-b01d-45b1-9191-902f5b63bd85,fade.estate,available,30.2,30.2,high,low,4,cloudflare,,,28/09/2026 05:41
6bdd9058-9138-4cfb-896d-88091f1e2063,boundaries.estate,available,14.99,,medium,low,10,name.com,,,
4711c84b-f01b-40d8-b3da-f1c707a69043,catalunya.estate,available,6.41,31.25,high,low,9,spaceship,,,03/10/2026 05:16
bab6ef0a-06e8-4e2f-aca6-236c16f977f9,aberration.estate,available,15.99,38.99,medium,low,10,namesilo,,,16/09/2026 15:14
6a3872b9-f59c-4388-b6a4-3eebb3b10dca,slatey.estate,available,6.98,52.98,medium,low,6,namecheap,,,10/09/2026 10:21
b6584355-1d74-4eb5-8d9c-98b562382e8f,folksy.estate,available,6.98,52.98,high,low,6,namecheap,,,13/08/2026 04:22
ea7c6ebc-8e14-4c07-bb9b-c6fe103ed91c,unlocked.estate,available,6.98,52.98,high,low,8,namecheap,,,12/09/2026 01:39
47adf36b-1337-4dfa-81a7-c8a51ae460e3,petrograd.estate,available,6.98,52.98,medium,low,9,namecheap,,,29/09/2026 01:34
c505e49b-3485-4ba8-adef-9bcf4dd4a810,cop.estate,available,6.98,52.98,high,low,3,namecheap,,,20/09/2026 09:05
2ba1255e-e586-4f4c-af52-8ce57f03e2f6,supra.estate,available,6.98,52.98,high,low,5,namecheap,,,
0a947577-2395-4b63-9808-9288b3acbf1a,abydos.estate,available,15.99,38.99,medium,low,6,namesilo,,,16/09/2026 19:41
4fe69afd-d0f8-4f14-ae11-f0ffd4c6c08a,tandy.estate,available,30.2,30.2,medium,low,5,cloudflare,,,30/09/2026 10:18
d2a712a3-54a5-4a6e-9eba-2873120bfb94,siris.estate,available,15.99,38.99,high,low,5,namesilo,,,18/09/2026 03:05
f29f81b2-e913-4e82-add6-4672b61494ba,variations.estate,available,6.98,52.98,medium,low,10,namecheap,,,18/09/2026 20:13
e93a8c7a-4d5f-47ab-a4ea-f18feec9761c,departure.estate,available,6.98,52.98,high,low,9,namecheap,,,08/09/2026 12:08
ba5e70b8-02a5-4a95-a828-7f27960dd374,jokes.estate,available,15.99,38.99,high,low,5,namesilo,,,25/09/2026 11:35
a9fc43cb-1609-4f04-8202-bf652f7d8c82,messengers.estate,available,6.41,31.25,medium,low,10,spaceship,,,02/10/2026 12:48
430fc480-4fd8-49d9-87c4-b35f93f4af46,vocation.estate,available,15,,high,low,8,unstoppable,,,30/09/2026 16:34
c91624ae-57eb-429e-8dd2-cf17205d66a7,blu.estate,resell,,,high,medium,3,,,,02/10/2026 18:05
872c60d9-636b-4280-a400-2e458d5d5a53,drinks.estate,available,15.99,38.99,high,low,6,namesilo,,,25/09/2026 17:32
77b038d5-8a10-42f2-b70c-d45454edc38a,frequencies.estate,available,6.41,31.25,medium,low,11,spaceship,,,29/09/2026 10:28
29ac3a2c-bbc1-40eb-b867-81437f8ebd9e,admittance.estate,available,15.99,38.99,high,low,10,namesilo,,,16/09/2026 22:13
5d77151b-e4f4-469e-8409-0b5d26058b40,punkey.estate,available,6.98,52.98,medium,low,6,namecheap,,,23/09/2026 22:34
916f01c1-3cc5-4f26-9269-7064decf4aeb,effect.estate,available,15.99,38.99,high,low,6,namesilo,,,29/09/2026 11:08
beece953-bbdf-4bec-a1ae-838ccf0187df,migratory.estate,available,6.98,52.98,medium,low,9,namecheap,,,24/08/2026 22:49
45b88917-4568-4b45-b731-1ded45796f75,adm.estate,available,15.99,38.99,high,low,3,namesilo,,,03/10/2026 04:02
4d7d20e5-4d93-45c4-8d66-fbbda3bafa6e,carol.estate,available,15.99,38.99,high,low,5,namesilo,,,24/09/2026 13:02
e6c8084a-692d-497d-956f-5d55b09930d2,confide.estate,available,8.24,31.41,high,low,7,porkbun,,,30/09/2026 17:46
3b15630b-1921-4c43-8aa3-32a0900e2c2c,mum.estate,available,15.99,38.99,high,low,3,namesilo,,,25/09/2026 22:08
89f5b26c-a827-4143-9e85-d2c9223068fb,cryptical.estate,available,6.98,52.98,medium,low,9,namecheap,,,11/08/2026 12:19
90fc79fb-9c05-40f0-88c2-0e634472abcc,pieces.estate,available,6.98,52.98,medium,low,6,namecheap,,,17/09/2026 19:58
ebd05b82-2a07-4dcb-af89-2cf62c0f27bb,glued.estate,available,6.98,52.98,high,low,5,namecheap,,,20/08/2026 15:12
53f30ae8-4524-4212-919d-3c09de02e06e,retrieved.estate,available,14.99,,medium,low,9,name.com,,,
ad6bbfd7-035d-4d2f-8d48-7c6a660b5674,lascivious.estate,available,6.98,52.98,medium,low,10,namecheap,,,22/08/2026 20:04
3d4cd20a-4f24-4e20-b987-13ea7add1b2c,prospero.estate,available,6.98,52.98,high,low,8,namecheap,,,02/10/2026 10:04
0d7d4239-6e7c-4ff5-9a0b-4519e65d054d,booming.estate,available,6.98,52.98,high,low,7,namecheap,,,10/08/2026 19:14
0c523076-7e99-4627-8dbd-dad449a74ac6,shelves.estate,available,6.41,31.25,medium,low,7,spaceship,,,29/09/2026 16:26
cfd86258-f21e-427a-9e4b-390f399bee9c,alkyl.estate,available,15.99,38.99,medium,low,5,namesilo,,,18/09/2026 08:34
a6dac8f3-4f0a-49a9-96d2-94f38ebdcb39,deceived.estate,available,8.24,32.21,low,low,8,dynadot,,,29/09/2026 23:13
0d6deb05-1673-4b29-919e-89202116b0b1,drenched.estate,available,6.98,52.98,medium,low,8,namecheap,,,14/08/2026 18:51
a11f0cd6-8f93-47fc-8fb4-39c53cfa6607,exclusively.estate,available,6.41,31.25,high,low,11,spaceship,,,01/10/2026 06:44
06b943c4-c10c-46ba-8e0d-dcaa3114293d,longford.estate,available,6.98,52.98,medium,low,8,namecheap,,,02/10/2026 09:02
05d03abb-11a6-40a6-8987-7cca52803449,include.estate,available,6.41,31.25,high,low,7,spaceship,,,30/09/2026 20:19
e6d295d9-bd55-4458-ae3b-a468c7807d13,stationery.estate,available,6.98,52.98,high,low,10,namecheap,,,02/10/2026 06:29
8465fd1c-aa9a-45ae-aebd-8702740d69a9,anthology.estate,available,6.98,52.98,high,low,9,namecheap,,,19/09/2026 13:28
7ccfa890-6487-480f-b9bd-f559eaa1e763,onside.estate,available,6.98,52.98,medium,low,6,namecheap,,,04/09/2026 15:17
a2c6f18b-32a3-497f-8b0f-564da6da7fd2,ugly.estate,available,15.99,38.99,high,low,4,namesilo,,,24/09/2026 06:45
3474e4ed-fea3-421c-bb9f-e0e70d836e2a,nevermore.estate,available,6.98,52.98,medium,low,9,namecheap,,,15/09/2026 16:30
0c66c863-8ee4-4623-b419-9dabe5a1c628,unrested.estate,available,6.98,52.98,medium,low,8,namecheap,,,12/09/2026 18:02
190c3362-cd67-4b42-a718-e5f924778f22,unstarred.estate,available,6.98,52.98,medium,low,9,namecheap,,,12/09/2026 01:15
6f6ded69-f733-4c37-b192-e1557721bc97,vodka.estate,available,15,,high,low,5,unstoppable,,,30/09/2026 14:34
9b991df9-fa71-4270-9cfc-33c8f9b66a8f,xxvii.estate,available,6.98,52.98,medium,low,5,namecheap,,,
1b5d5b98-3865-4c63-84b4-3d856eaf9a57,lowlife.estate,available,6.98,52.98,medium,low,7,namecheap,,,11/08/2026 09:22
943e4909-a24a-4ae8-bde9-48440891e162,chetah.estate,available,15.99,38.99,medium,low,6,namesilo,,,17/09/2026 01:35
d4eb2c00-4ef9-4418-81db-4c825f6d382e,workings.estate,available,30.2,30.2,high,low,8,cloudflare,,,28/09/2026 10:48
53a6e2d5-c352-4a32-87f6-5c94eaccf802,gowns.estate,available,30.2,30.2,low,low,5,cloudflare,,,01/10/2026 18:12
395cb3ef-8368-4c51-adcd-6074ef25b26a,humanity.estate,available,15.99,38.99,high,low,8,namesilo,,,29/09/2026 23:20
ddcb0c09-2d80-47b8-bf57-58a2db81770b,lack.estate,available,15.99,38.99,medium,low,4,namesilo,,,27/09/2026 03:43
8acab04e-3e14-4b78-884a-648e4c7de3f7,uncoupled.estate,available,6.98,52.98,medium,low,9,namecheap,,,12/09/2026 06:17
10bf3608-90b0-47a0-b559-8154c5c6bb9c,frying.estate,available,6.41,31.25,high,low,6,spaceship,,,30/09/2026 09:52
ec3b7b5b-6595-45d6-82d2-9c3a43f74df7,raaf.estate,available,30.2,30.2,medium,low,4,cloudflare,,,02/10/2026 08:31
46d01818-3771-44ae-bdfd-e573bc6707d7,outlined.estate,available,6.98,52.98,high,low,8,namecheap,,,04/09/2026 19:31
dd014c17-fe63-478d-9c03-24682ecc9fa4,bandung.estate,available,15.99,38.99,medium,low,7,namesilo,,,22/09/2026 01:32
ea018c9f-48e3-4b33-8397-90996973da69,goldie.estate,available,6.41,31.25,high,low,6,spaceship,,,01/10/2026 06:46
9af195ad-2886-4555-b049-062dd10dab3e,flack.estate,available,6.98,52.98,medium,low,5,namecheap,,,
d92adb11-6aa3-45b9-9a78-84de1b438ca2,disposition.estate,available,8.24,32.21,high,low,11,dynadot,,,29/09/2026 02:57
972fae8b-2d00-4d68-a5c7-f65ce5d85ba3,chatterer.estate,available,15.99,38.99,medium,low,9,namesilo,,,21/09/2026 12:24
ed784706-67ee-44ac-a050-4e1d007f0d8f,freiburg.estate,available,15.99,38.99,high,low,8,namesilo,,,28/09/2026 03:48
a382d01e-5100-46f6-bf27-a5503f16e34b,tracks.estate,available,15.99,38.99,high,low,6,namesilo,,,17/09/2026 16:05
a1c02489-e58e-40f4-bd28-e601a7e22a36,secluded.estate,available,6.98,52.98,high,low,8,namecheap,,,27/09/2026 06:24
191e084c-bb5f-43b7-bb48-1bf3e4ab6b0e,summery.estate,available,6.98,52.98,high,low,7,namecheap,,,11/09/2026 01:38
30e0e736-7430-4c88-9ad2-5dd92f89dd2f,lsd.estate,available,6.41,31.25,high,low,3,spaceship,,,28/09/2026 06:12
b13e0bfa-cf67-4fe6-a241-4be3c9ea089b,gender.estate,available,6.98,52.98,high,low,6,namecheap,,,28/09/2026 14:16
620c0638-1c6d-4634-b5e4-0e07b223722e,unmistakable.estate,available,8.24,31.41,high,low,12,porkbun,,,02/10/2026 18:12
801d56a0-d83a-4dbc-beb7-db2bdda16cc1,grandmothers.estate,available,6.98,52.98,medium,low,12,namecheap,,,20/09/2026 18:06
7b90f9bb-fc22-4c04-a7d3-e0d958e17ca8,connatural.estate,available,6.98,52.98,medium,low,10,namecheap,,,12/08/2026 22:18
0c03b035-047a-4d66-a983-dc65490bfdf9,eyepiece.estate,available,6.98,52.98,medium,low,8,namecheap,,,04/09/2026 00:46
4aa9c4f9-49b6-4ef9-9bf8-e587c11acc0b,swimming.estate,available,6.98,52.98,high,low,8,namecheap,,,03/09/2026 12:48
966e2594-ce64-46bc-b3cd-b028cb0f10fb,struck.estate,available,6.98,52.98,medium,low,6,namecheap,,,10/09/2026 11:50
d78e1db9-9470-4cb0-8c51-a128005372b0,passage.estate,available,8.24,32.21,high,low,7,dynadot,,,27/09/2026 13:23
0ddab615-b9df-40a7-9272-8f62ea38270d,corrective.estate,available,15.99,38.99,high,low,10,namesilo,,,23/09/2026 23:46
3fe7db72-3b50-4c55-aebe-285f5197e7d2,aquitaine.estate,available,15.99,38.99,medium,low,9,namesilo,,,19/09/2026 23:17
6b0636ab-13c2-4af7-ac16-5a352f41a5ee,assoc.estate,available,15,,high,low,5,unstoppable,,,30/09/2026 23:39
c223d73b-bd87-4dbe-a46d-5642086a3083,exorbitant.estate,available,6.98,52.98,medium,low,10,namecheap,,,17/08/2026 17:36
57868556-b491-4096-9e30-eecc4d6676f8,shrub.estate,available,6.98,52.98,high,low,5,namecheap,,,23/09/2026 11:56
4dc953d4-07f3-4415-850d-e95d25d13ef0,dewitt.estate,available,15.99,38.99,medium,low,6,namesilo,,,01/10/2026 07:23
49df5f04-c354-4afe-83ba-58c9a9c1d6cf,obtainable.estate,available,6.98,52.98,high,low,10,namecheap,,,18/08/2026 23:06
c847956e-b08f-4625-bbf7-56643decbd91,mcintosh.estate,available,15.99,38.99,high,low,8,namesilo,,,27/09/2026 04:44
f28954b5-a484-4cdd-89ce-d998fc37feb2,ariana.estate,available,15.99,38.99,high,low,6,namesilo,,,20/09/2026 05:10
cb48e35b-dcda-495c-a851-0e68d22c7302,backing.estate,available,15.99,38.99,high,low,7,namesilo,,,21/09/2026 15:39
2722524d-fa43-4ef6-9251-d2e6d332dfea,mattie.estate,available,6.41,31.25,high,low,6,spaceship,,,30/09/2026 04:29
b10baa99-627d-4802-8bf4-ddfbc4e099f2,proposal.estate,available,14.99,50.99,high,low,8,name.com,,,27/09/2026 04:41
5380738c-52b3-4d58-93a6-6f98d27d20e6,snappy.estate,available,6.98,52.98,high,low,6,namecheap,,,11/08/2026 04:32
6ddbcb2a-1ddd-46e6-a787-14274504a037,vir.estate,available,15.99,38.99,medium,low,3,namesilo,,,29/09/2026 23:48
99c9f2c7-573f-4835-b6ce-6fc4db69c51a,comer.estate,available,15.99,38.99,medium,low,5,namesilo,,,20/09/2026 09:17
e808e339-94c2-4a55-9425-4b7a475afc78,visualize.estate,available,6.98,52.98,high,low,9,namecheap,,,24/09/2026 16:39
7a964a2c-afc4-4e52-80ae-617938eb1e7d,lenten.estate,available,6.98,52.98,medium,low,6,namecheap,,,22/08/2026 23:48
770c55b6-cf43-4e55-a7ed-99eb9f7d558f,brewster.estate,available,15.99,38.99,medium,low,8,namesilo,,,28/09/2026 11:34
e15c1384-2e40-4d96-bebf-a7bd7173c3f1,subclavian.estate,available,6.98,52.98,medium,low,10,namecheap,,,10/09/2026 23:40
0f6947aa-1128-455a-960e-f7ee90616f00,smoother.estate,available,30.2,30.2,high,low,8,cloudflare,,,02/10/2026 04:38
36d720a2-abce-443f-8488-4d4eed9b2301,hornless.estate,available,6.98,52.98,medium,low,8,namecheap,,,21/08/2026 14:06
b5b34700-87d8-4767-acc2-eaf1ff340e73,sticky.estate,available,6.98,52.98,high,low,6,namecheap,,,16/08/2026 07:55
52328d3f-bbff-4012-affb-d9657ea37582,cupule.estate,available,15.99,38.99,medium,low,6,namesilo,,,17/09/2026 02:18
69258b75-76e7-4460-86e3-c088188c1e52,resistant.estate,available,6.98,52.98,high,low,9,namecheap,,,09/09/2026 15:18
876575de-d203-40d1-aa50-6b6322ba3067,earthlike.estate,available,6.98,52.98,medium,low,9,namecheap,,,14/08/2026 22:40
26b6fc99-f128-4903-85dc-ea78dd6c5283,slc.estate,available,6.41,31.25,high,low,3,spaceship,,,30/09/2026 20:32
c1127455-94d4-439b-a588-e07b40992434,option.estate,available,15.99,38.99,high,low,6,namesilo,,,22/09/2026 02:42
88c838b8-0a71-4d3c-85c3-ada23f29f790,digression.estate,available,6.98,52.98,medium,low,10,namecheap,,,24/09/2026 22:18
3a5167da-0c2d-4a89-a104-e753498649ae,mouthguard.estate,available,14.99,,medium,low,11,name.com,,,
4cda3bc7-0249-4e1e-9a59-3ef46ede2d9b,viper.estate,available,6.41,31.25,high,low,5,spaceship,,,30/09/2026 03:06
38462f45-d26c-45c7-812f-eaa45bb79d14,shipowner.estate,available,30.2,30.2,medium,low,9,cloudflare,,,01/10/2026 21:39
fa43be9e-24c7-46bd-8ed9-c5f76a0b562f,mimic.estate,available,6.98,52.98,high,low,5,namecheap,,,24/08/2026 23:29
6bf01029-1d8a-4d1b-bf2a-ed9da13a8c23,methionine.estate,available,8.24,32.21,medium,low,10,dynadot,,,30/09/2026 02:16
c5110039-7f8e-4ac9-aec9-4d8efb20c0f3,neglected.estate,available,6.98,52.98,medium,low,9,namecheap,,,21/08/2026 18:36
cb05f4cd-5ee8-418c-9768-37b5ff380145,cuneiform.estate,available,6.98,52.98,medium,low,9,namecheap,,,13/08/2026 10:34
58dcf16c-2439-49ff-a194-eee2dd3450d1,martyn.estate,available,30.2,30.2,medium,low,6,cloudflare,,,29/09/2026 09:11
0abce35d-f2f5-4a0c-ab39-5d7e35f1857d,cpc.estate,available,30.2,30.2,high,low,3,cloudflare,,,28/09/2026 16:33
8218cdf7-30f2-48a1-8b00-4a5ec04c0bc7,elliptic.estate,available,6.98,52.98,high,low,8,namecheap,,,15/08/2026 17:59
10da7e8f-3856-4738-9327-1527fd3ade4c,histories.estate,available,6.41,31.25,medium,low,9,spaceship,,,30/09/2026 07:13
d2c5f216-28c0-450a-b829-7853cf9f8465,uhf.estate,available,15.99,38.99,high,low,3,namesilo,,,26/09/2026 00:28
714f998b-342f-4de7-a936-d9e13df65bf6,noticed.estate,available,15.99,38.99,high,low,7,namesilo,,,25/09/2026 23:16
5bf0e3cd-a4e3-4180-9d4b-803422a0f4da,nonmetric.estate,available,6.98,52.98,medium,low,10,namecheap,,,03/09/2026 18:30
c7cb7f83-4628-4880-b80b-7df5ed6aacb9,peacemaker.estate,available,15.99,38.99,high,low,10,namesilo,,,24/09/2026 10:53
ffb6018d-d124-45ef-b3c2-a7f8b0555cff,avoided.estate,available,8.24,31.41,low,low,7,porkbun,,,29/09/2026 05:05
d179b220-58e2-4723-bfcb-f7970cbd150a,nicaraguan.estate,available,6.98,52.98,high,low,10,namecheap,,,03/09/2026 17:03
683309ae-d7ae-4925-a170-244b00fba068,anomalies.estate,available,6.41,31.25,medium,low,9,spaceship,,,02/10/2026 13:45
fca93361-1d47-4f56-8833-7b93dc0657c5,lactating.estate,available,6.98,52.98,medium,low,9,namecheap,,,22/08/2026 18:18
b24efa2b-e00f-4547-a5c5-07f9fddead20,brazos.estate,available,30.2,30.2,medium,low,6,cloudflare,,,29/09/2026 18:04
5a700ec0-a02e-4fe3-8967-f502a854e5e3,enforce.estate,available,30.2,30.2,high,low,7,cloudflare,,,29/09/2026 08:23
c2e069bc-cf57-447c-b319-9b8cab1b7b7c,savoy.estate,available,6.41,31.25,high,low,5,spaceship,,,01/10/2026 21:36
105f9573-9fbb-4b53-87a2-cb2dbcfab9fb,fisher.estate,available,15.99,38.99,high,low,6,namesilo,,,24/09/2026 00:24
b214e3d3-6319-4919-b3f4-1362233eb0e3,shores.estate,available,8.24,31.41,medium,low,6,porkbun,,,29/09/2026 11:01
bdb4f343-32bc-42b9-8478-ee4367a730d1,avaritia.estate,available,15.99,38.99,medium,low,8,namesilo,,,21/09/2026 08:46
553b2cb2-67b5-49db-b2e6-2f98a90b37ef,lying.estate,available,6.41,31.25,high,low,5,spaceship,,,30/09/2026 03:38
3ed97f5e-2217-4349-adf6-14d911466c95,lxxxiii.estate,available,6.98,52.98,medium,low,7,namecheap,,,
8ad74f29-ee99-48a8-9898-098c440ef15e,gratuity.estate,available,15.99,38.99,high,low,8,namesilo,,,21/09/2026 15:50
b8fbfc16-949d-4b3f-8d0c-796f6745f4f7,animus.estate,available,15.99,38.99,medium,low,6,namesilo,,,19/09/2026 09:22
1a032d67-3cc9-4eba-af0f-f8e48b92a6be,burrows.estate,available,8.24,32.21,medium,low,7,dynadot,,,29/09/2026 03:16
415b2fb2-2b91-4809-9226-f1b61278ce23,andreas.estate,available,15.99,38.99,high,low,7,namesilo,,,25/09/2026 13:21
c34d8b51-087b-49e1-ad98-5195e57094ab,kamal.estate,available,15,,medium,low,5,unstoppable,,,29/09/2026 03:26
dc01140d-c2f7-4b83-a687-908231470829,musket.estate,available,15.99,38.99,high,low,6,namesilo,,,01/10/2026 20:57
b56e279a-6444-42d0-a7ae-a7f3b7dcf77c,unpressed.estate,available,6.98,52.98,medium,low,9,namecheap,,,12/09/2026 17:24
07f2a2ea-65cb-4198-a26d-1c90726b9081,figures.estate,available,15,,medium,low,7,unstoppable,,,03/10/2026 04:56
32a1b596-7fd8-4d3f-a684-30d48191dc27,fogged.estate,available,6.98,52.98,medium,low,6,namecheap,,,18/08/2026 09:51
9e4280cd-3438-488a-83c0-675147d1aa23,anemometry.estate,available,15.99,38.99,medium,low,10,namesilo,,,19/09/2026 05:18
711ab018-db68-4a9a-8b55-403b0cf4b165,diving.estate,available,6.98,52.98,high,low,6,namecheap,,,29/09/2026 16:25
8d0fc300-6825-474b-afb3-5fd662c651de,seas.estate,available,12.98,52.98,medium,low,4,namecheap,,,
41aaccaf-d52e-4811-bd71-4047c0b56679,subcommittee.estate,available,6.41,31.25,medium,low,12,spaceship,,,30/09/2026 19:57
3dbaab36-e0d3-45e3-89ff-9713eecb8f84,intensive.estate,available,15.99,38.99,high,low,9,namesilo,,,25/09/2026 09:57
d6d706f7-c07a-40fc-ac72-d5cff0bfe435,screwball.estate,available,6.98,52.98,medium,low,9,namecheap,,,20/08/2026 22:30
342adb51-0d87-4c52-8294-461d84b276e2,sugary.estate,available,15.99,38.99,high,low,6,namesilo,,,19/09/2026 16:54
945260a9-91b0-4b18-b743-3159fa3d7149,washington.estate,resell,,,high,low,10,Edomains LLC,23/01/2021 17:00,23/01/2027 17:00,28/09/2026 20:59
199e11e5-13b5-4a7c-96af-9196cc1dca5e,marist.estate,available,15.99,38.99,high,low,6,namesilo,,,03/10/2026 03:43
c0c7118e-7d95-4bde-a4c4-4e4a74117520,rachel.estate,available,15.99,38.99,high,low,6,namesilo,,,25/09/2026 10:13
800bf0e5-9e81-4afd-a064-1529da66dd78,intermittent.estate,available,15,,high,low,12,unstoppable,,,01/10/2026 04:59
e4fe06c3-4705-4920-8fde-a7106e2b7f43,widely.estate,available,6.41,31.25,medium,low,6,spaceship,,,28/09/2026 16:47
667d4649-d31e-400b-bc20-55ae79799ac2,streeter.estate,available,6.41,31.25,medium,low,8,spaceship,,,02/10/2026 20:29
616bb4fe-8b1b-4a61-a21d-06daf7e66c96,ambystoma.estate,available,15.99,38.99,medium,low,9,namesilo,,,18/09/2026 17:36
c8a3353c-688e-43dc-971c-290fcfa5aeee,nurtural.estate,available,6.98,52.98,medium,low,8,namecheap,,,03/09/2026 23:07
aadf2a29-d7f0-4d82-bc57-17886e06b613,imposter.estate,available,6.98,52.98,medium,low,8,namecheap,,,09/09/2026 04:57
d553353a-7fdf-471d-918a-b4c22977bde8,bicolor.estate,available,6.98,52.98,high,low,7,namecheap,,,09/08/2026 19:11
3682b590-0786-4377-afed-d910ba5fdc69,arbitrage.estate,available,15.99,38.99,high,low,9,namesilo,,,20/09/2026 00:42
7350bcae-bbb6-4693-b304-244e5f3c4768,dabbler.estate,available,6.98,52.98,medium,low,7,namecheap,,,14/08/2026 07:42
48af00bd-39e0-4f3b-9203-79a26c0727c7,cars.estate,premium,118.8,118.8,high,medium,4,namesilo,,,17/09/2026 14:10
ff392183-b163-48ea-bd30-cfa1a4ef2b0d,kampala.estate,available,15.99,38.99,medium,low,7,namesilo,,,24/09/2026 12:28
5254a23d-aade-4afc-9c9f-d0b654143736,throughout.estate,available,6.98,52.98,medium,low,10,namecheap,,,17/08/2026 00:49
338bbf30-5ae2-417b-bffd-a74fde714c7b,alderman.estate,available,15.99,38.99,medium,low,8,namesilo,,,18/09/2026 04:34
74c41584-2214-4627-99c1-17d0607edc49,spineless.estate,available,6.98,52.98,medium,low,9,namecheap,,,22/08/2026 08:58
455f48c0-aaad-4848-92f7-d01ef5d15ddc,disjunct.estate,available,6.98,52.98,medium,low,8,namecheap,,,14/08/2026 11:25
e24bf764-2bcc-4869-a204-a1753733ec5d,isolation.estate,available,15.99,38.99,high,low,9,namesilo,,,24/09/2026 16:00
6dfb2ede-9d64-49e8-81fd-8d5fc982e297,basle.estate,available,15.99,38.99,medium,low,5,namesilo,,,22/09/2026 10:14
de9c5cf6-a193-49c0-9f4c-d357269a5200,camera.estate,available,15.99,38.99,high,low,6,namesilo,,,29/09/2026 06:00
dc6792c6-4123-4ddd-99f4-d316438c2b60,emma.estate,available,15.99,38.99,high,medium,4,namesilo,,,25/09/2026 12:33
715d3abb-0161-4e42-8c13-30d6ee8e14c2,ajuga.estate,available,6.98,52.98,medium,low,5,namecheap,,,17/09/2026 23:42
42cce762-fdcc-41b6-b47e-15705a3bc0f2,reflect.estate,available,15.99,38.99,high,low,7,namesilo,,,28/09/2026 10:29
21551079-2035-4332-a722-419c755fdc8d,armless.estate,available,6.98,52.98,medium,low,7,namecheap,,,06/08/2026 19:54
ab847c6e-5ca1-438b-9d4b-b7f28e24b72b,stripling.estate,available,6.98,52.98,medium,low,9,namecheap,,,
5078ea52-6244-47b3-9d37-81aae3cd835d,particles.estate,available,15,,medium,low,9,unstoppable,,,03/10/2026 01:16
053a5196-8cee-4f4d-82f2-ba0d3969c258,trumpets.estate,available,6.41,31.25,high,low,8,spaceship,,,02/10/2026 05:22
a00b0d04-a96d-4c10-9ea0-0c3fee6fc2b0,salvage.estate,available,15,,medium,low,7,unstoppable,,,28/09/2026 10:52
1aa33e1a-5d3e-4f68-80af-8a960ab87136,tantrum.estate,available,6.98,52.98,medium,low,7,namecheap,,,18/08/2026 05:41
7b9fd9dd-5cc5-4f20-b055-3be8d45bc85d,mayan.estate,available,6.41,31.25,high,low,5,spaceship,,,02/10/2026 16:04
ebe04f7b-f357-418d-bd38-a78e9e3af607,romance.estate,available,6.41,31.25,high,low,7,spaceship,,,27/09/2026 15:59
4268eb9b-812e-4600-885f-c250b78b66c4,bottling.estate,available,8.24,32.21,high,low,8,dynadot,,,03/10/2026 02:56
97a23d94-b577-4968-a851-97f6696bd157,wage.estate,available,8.24,31.41,high,low,4,porkbun,,,28/09/2026 10:40
23c41013-9b39-4a84-a4cd-dc550e8b5f20,litton.estate,available,15,,medium,low,6,unstoppable,,,02/10/2026 00:54
8338c71d-3966-40d5-82e7-9e9884511feb,mott.estate,available,15.99,38.99,high,low,4,namesilo,,,02/10/2026 16:02
a77e4bf3-f95a-44ae-b1c9-20fec0872cf5,snaky.estate,available,6.98,52.98,medium,low,5,namecheap,,,10/09/2026 04:47
7a9305c1-0923-4d23-afa4-31453f692cca,ambit.estate,available,15.99,38.99,high,low,5,namesilo,,,18/09/2026 16:51
cd6af2d7-e218-4ddd-8244-4e76c5e50afb,fetal.estate,available,6.98,52.98,medium,low,5,namecheap,,,18/08/2026 02:16
8b3af169-c225-4213-8c6f-196e98e0d524,serrate.estate,available,6.98,52.98,medium,low,7,namecheap,,,03/09/2026 22:06
478ebeb0-a212-4f9b-a857-9060141760de,carpathian.estate,available,8.24,32.21,high,low,10,dynadot,,,30/09/2026 20:21
4a0090df-2c56-4267-80a5-a0d6fa1f2dc4,bruise.estate,available,15,,medium,low,6,unstoppable,,,29/09/2026 04:45
181e9b6e-7f9d-4094-a59f-08e4b2ddc6a6,gig.estate,available,6.41,31.25,high,low,3,spaceship,,,28/09/2026 05:44
07b40ccc-dc35-4d3a-ba90-b4aeb885c4c4,walls.estate,available,15.99,38.99,high,low,5,namesilo,,,25/09/2026 16:16
00d19ed7-57b2-441b-8c0f-02e39b4a31e2,ramate.estate,available,6.98,52.98,medium,low,6,namecheap,,,11/08/2026 02:17
b791c63d-e863-4838-8fc4-961e142349ec,saturated.estate,available,6.98,52.98,medium,low,9,namecheap,,,09/09/2026 21:53
51f579fd-49c7-4def-b13d-2aa37994031b,assumed.estate,available,6.98,52.98,medium,low,7,namecheap,,,07/08/2026 07:45
1b5aaf77-ae85-474b-b7b8-4c93f65f9170,minimalist.estate,available,6.98,52.98,high,low,10,namecheap,,,24/08/2026 23:51
3ff0c2cc-8faa-4b98-86b2-af4ac67138d6,encourages.estate,available,15.99,38.99,medium,low,10,namesilo,,,01/10/2026 17:35
85356cbf-cc63-48a9-8854-196346a992c8,fascinate.estate,available,6.41,31.25,high,low,9,spaceship,,,29/09/2026 08:16
e7c4b904-5d98-45ef-a63d-55be99782099,snowballs.estate,available,6.98,52.98,medium,low,9,namecheap,,,19/09/2026 21:49
32425806-fa7f-4486-bdaf-605586dfecbe,replication.estate,available,15.99,38.99,high,low,11,namesilo,,,02/10/2026 11:17
9f8cd73e-5495-4278-8715-b0e121324f25,buyers.estate,available,8.24,31.41,high,low,6,porkbun,,,29/09/2026 05:47
e5bff702-8bcd-47fd-818a-c80e48098d76,neutered.estate,available,6.98,52.98,medium,low,8,namecheap,,,03/09/2026 16:35
f96cd2a7-d125-44d0-aa74-302baacf8b1f,incompatible.estate,available,30.2,30.2,medium,low,12,cloudflare,,,01/10/2026 21:24
7fae6e81-f118-4e9b-ac76-8d09149ab026,emperor.estate,available,14.99,67.99,high,low,7,godaddy,,,28/09/2026 01:49
cae46cb6-17e6-4e63-8033-004e3c5cc546,plate.estate,available,6.41,31.25,high,low,5,spaceship,,,29/09/2026 10:15
0ca559bf-6c37-4548-b03a-ae734ae79b9c,decaying.estate,available,15,,medium,low,8,unstoppable,,,01/10/2026 06:00
574a36d2-b9ce-42c4-b6fd-d1cefd7586b9,exhilarating.estate,available,15,,high,low,12,unstoppable,,,02/10/2026 18:08
3515bc38-2e82-4099-98ab-bd4c15e84b21,servicemen.estate,available,30.2,30.2,medium,low,10,cloudflare,,,02/10/2026 12:09
c5e3208f-8bc4-411d-9c08-fee9d9fd15a2,communists.estate,available,15.99,38.99,low,low,10,namesilo,,,28/09/2026 13:10
ecd1befa-ab2f-48d9-af3e-0a2c6647e65e,erase.estate,available,6.41,31.25,high,low,5,spaceship,,,30/09/2026 19:12
aa869ce5-68c3-4d06-a286-f73fb557c2a9,gaily.estate,available,6.98,52.98,medium,low,5,namecheap,,,14/09/2026 20:57
318eeb1a-1ae3-40ba-8768-2e3cd13f94e0,piggyback.estate,available,6.98,52.98,high,low,9,namecheap,,,15/09/2026 19:45
96b9292b-69e0-45a2-b5a3-e5d0835b0bd8,kemp.estate,available,15.99,38.99,medium,low,4,namesilo,,,29/09/2026 02:56
ad5eb0de-ae5d-4f03-8f42-cce0de4442bc,crusted.estate,available,6.98,52.98,medium,low,7,namecheap,,,13/08/2026 09:22
9f6e419d-0850-4a17-bee5-ff68d85adaa2,bagging.estate,available,6.98,52.98,medium,low,7,namecheap,,,21/09/2026 18:06
27b49df3-cafa-48e6-9435-ab00bf09496e,chasten.estate,available,6.98,52.98,medium,low,7,namecheap,,,11/09/2026 07:42
283cdecb-20d5-416a-9161-753d2bf3741e,ringing.estate,available,6.98,52.98,high,low,7,namecheap,,,27/09/2026 05:00
7f93274e-baa8-46c3-986d-8b97db3343e0,rousseau.estate,available,15,,high,low,8,unstoppable,,,01/10/2026 02:29
a835761c-2cb9-4a15-8c76-19f971a498df,individuals.estate,available,6.41,31.25,low,low,11,spaceship,,,28/09/2026 12:49
5137d1a9-c619-4cf7-aa1e-ccb39291f20c,large.estate,resell,,,high,low,5,"GoDaddy.com, LLC",13/02/2014 18:12,13/02/2027 18:12,02/10/2026 12:39
608d3dd8-4331-4b9e-a2db-71c60866de92,attracted.estate,available,6.98,52.98,medium,low,9,namecheap,,,26/09/2026 03:10
9aa08ffe-ec7e-4d48-80a2-4ab76faf92c2,buffet.estate,available,15.99,38.99,high,low,6,namesilo,,,19/09/2026 17:05
bdb35906-5500-4696-a9f6-db7b3aab2f38,admitting.estate,available,8.24,31.41,medium,low,9,porkbun,,,28/09/2026 20:58
f8611661-b1f7-48f8-90c5-d1d8fe161396,kurdish.estate,available,6.98,52.98,high,low,7,namecheap,,,22/08/2026 17:04
757a3eac-3343-4b78-af2b-61dcfbff7f47,florist.estate,available,15,,high,low,7,unstoppable,,,01/10/2026 02:11
fd603371-a4e0-496e-ac21-3d260e9fded2,abstract.estate,available,6.98,52.98,high,low,8,namecheap,,,21/09/2026 15:10
c68d20a5-94d4-4ac0-840b-034ee641742e,aegean.estate,available,6.98,52.98,high,low,6,namecheap,,,
a77ece9d-b34a-4985-b043-c6ee53dbb465,produced.estate,available,6.98,52.98,medium,low,8,namecheap,,,19/09/2026 16:32
81343cd3-0332-465a-a84d-7f9f5637bebd,turnip.estate,available,15.99,38.99,high,low,6,namesilo,,,02/10/2026 04:09
ef1bd019-d2ed-4029-878f-e4e8f3b385b6,ezekiel.estate,available,6.41,31.25,high,low,7,spaceship,,,01/10/2026 18:43
555095c9-19b5-49bd-9782-f1a4d113f29c,camus.estate,available,15.99,38.99,high,low,5,namesilo,,,18/09/2026 02:38
e8fc5d68-6333-4e18-ab9e-b7b737b5ac48,bumps.estate,available,6.98,52.98,medium,low,5,namecheap,,,30/09/2026 00:29
17ee2e27-d617-49dd-9bde-254b84722ed9,sporty.estate,available,6.98,52.98,high,low,6,namecheap,,,10/09/2026 16:35
843a421a-0db7-4de6-bddb-3203c8e21368,ixc.estate,available,6.98,52.98,medium,low,3,namecheap,,,
414e6367-4840-4f3c-977f-74e4fa6c444a,screening.estate,available,15.99,38.99,high,low,9,namesilo,,,30/09/2026 03:58
16acf988-5563-4fba-98f3-5300a6d00731,roadside.estate,available,8.24,32.21,high,low,8,dynadot,,,29/09/2026 13:53
b565c69a-f18f-4d9a-bc64-13c5de7e88f7,force.estate,available,15.99,38.99,high,low,5,namesilo,,,24/09/2026 23:13
3aafbd4f-659d-4a5b-884c-f0ff0c6ece32,warship.estate,available,14.99,67.99,medium,low,7,godaddy,,,01/10/2026 01:30
bd12ff76-c6ae-4281-83fa-23895fc11b85,decayable.estate,available,6.98,52.98,low,low,9,namecheap,,,13/08/2026 20:54
2ad4e2ba-6bd5-4075-86d0-07cb27e05e2f,xiv.estate,available,15.99,38.99,high,low,3,namesilo,,,21/09/2026 11:42
98171a1a-0b11-43cd-848b-4f3163c9a2de,fathers.estate,available,15.99,38.99,medium,low,7,namesilo,,,27/09/2026 09:58
578b3d6a-469a-4044-8010-3e0ffc954ff0,attitudes.estate,available,15,,medium,low,9,unstoppable,,,29/09/2026 23:34
3a6d262b-fa80-4910-bfaa-035bcac9f45f,tantric.estate,available,6.98,52.98,high,low,7,namecheap,,,11/09/2026 08:05
3eaded20-e241-457c-8df8-11938f4b7477,singles.estate,available,6.41,31.25,high,low,7,spaceship,,,28/09/2026 20:28
c2ce3279-9dc9-405a-aab6-9cdf9592dab2,stretches.estate,available,15.99,38.99,medium,low,9,namesilo,,,18/09/2026 07:56
a9e2bb41-2b73-483a-aad2-fa186b69f581,donovan.estate,available,8.24,31.41,high,low,7,porkbun,,,28/09/2026 16:02
31f330dc-9160-48b9-8bdc-ba4fadf489f3,moulds.estate,available,15.99,38.99,medium,low,6,namesilo,,,20/09/2026 13:57
d33e89fb-70d5-4d86-aea7-6108ae0ea18b,conquest.estate,available,6.41,31.25,high,low,8,spaceship,,,29/09/2026 11:03
fd4b189f-c692-49b8-96b5-0e87e6dd3920,azote.estate,available,6.98,52.98,medium,low,5,namecheap,,,21/09/2026 11:27
081e2302-1100-49cb-a23e-a6d1631b6635,cute.estate,available,15.99,38.99,high,low,4,namesilo,,,24/09/2026 03:46
ad041441-c6c2-41cf-b782-b384c823ad11,announcer.estate,available,15.99,38.99,high,low,9,namesilo,,,19/09/2026 10:49
92ddc21f-d313-405b-b0ab-422402d24b0a,clinquant.estate,available,6.98,52.98,medium,low,9,namecheap,,,12/08/2026 11:08
92d5076e-7701-4407-adbe-ed45df3d4c48,syringe.estate,available,15,,high,low,7,unstoppable,,,30/09/2026 11:09
917937e2-3f53-4d48-acda-e156327a6cdf,annoyed.estate,available,6.98,52.98,medium,low,7,namecheap,,,22/09/2026 05:18
6aa62710-6fd5-4ba2-9635-dd465ecdb363,sula.estate,available,30.2,30.2,high,low,4,cloudflare,,,03/10/2026 00:56
1130a61e-02ba-427e-932e-25ed000fe542,cresson.estate,available,6.98,52.98,medium,low,7,namecheap,,,13/08/2026 06:16
a29f4059-68b2-49fe-8dfc-8661c7644bb6,alienor.estate,available,15.99,38.99,high,low,7,namesilo,,,18/09/2026 07:41
b63e5ed0-de88-41d6-844a-bb22e3a19701,beleaguer.estate,available,15.99,38.99,medium,low,9,namesilo,,,21/09/2026 17:03
e16ed8c7-9d07-45b2-9813-efb0f3537ef9,sordid.estate,available,6.98,52.98,medium,low,6,namecheap,,,10/09/2026 14:29
a73b54f1-fdb1-41d2-8adb-90e77cb0039c,reassigned.estate,available,15,,medium,low,10,unstoppable,,,30/09/2026 16:25
d96fcea2-d584-42df-972b-a86c2bc6a878,famed.estate,available,6.98,52.98,high,low,5,namecheap,,,11/08/2026 23:12
e19d3fd2-394b-4a94-a68a-30c9f4964e84,zapata.estate,available,6.41,31.25,high,low,6,spaceship,,,29/09/2026 18:45
d9dc4525-d5a8-4741-b0e1-427fe9b5e4a4,passively.estate,available,6.98,52.98,medium,low,9,namecheap,,,15/09/2026 19:09
e4b7e8d5-59e0-4067-afeb-0bda4d0b4d26,bathurst.estate,available,15.99,38.99,medium,low,8,namesilo,,,28/09/2026 16:46
51d38b67-4524-4e16-a730-f0c8d702d620,furled.estate,available,6.98,52.98,medium,low,6,namecheap,,,18/08/2026 18:44
565365f6-7c44-4e4d-afb2-9b065d18a237,transitive.estate,available,6.98,52.98,high,low,10,namecheap,,,11/09/2026 18:55
3afe7cf4-0513-477f-9ce7-3146aeded046,browns.estate,available,15.99,38.99,medium,low,6,namesilo,,,30/09/2026 00:26
0973891e-9ec5-435b-b5de-321d68205471,dumb.estate,available,6.98,52.98,high,low,4,namecheap,,,14/08/2026 21:03
2c2bd3e4-19a2-4514-9639-b5b74fffded0,advancing.estate,available,6.98,52.98,high,low,9,namecheap,,,21/09/2026 20:51
1b1629a6-69dc-4f33-a649-1b8ccabed8be,tommyrot.estate,available,15.99,38.99,medium,low,8,namesilo,,,21/09/2026 23:53
c8f74054-fe34-4052-be2b-ba91862b09e5,fudge.estate,available,15.99,38.99,high,low,5,namesilo,,,30/09/2026 09:49
ab2258a2-d9b0-4ac3-b871-a0a3de5c490e,distinguished.estate,available,6.41,31.25,high,low,13,spaceship,,,01/10/2026 19:21
50725881-814b-496e-9702-00747b9bf66b,sda.estate,available,6.98,52.98,high,low,3,namecheap,,,02/10/2026 19:40
b18e2b98-e181-4bce-bd82-d3d395371f5a,lacks.estate,available,15,,low,low,5,unstoppable,,,29/09/2026 10:48
3f713207-942b-41b4-90d4-6e13cd58cb32,blister.estate,available,30.2,30.2,medium,low,7,cloudflare,,,02/10/2026 01:57
a30d9fec-01c5-4d09-9a29-e24ba57cf033,darkly.estate,available,6.98,52.98,medium,low,6,namecheap,,,14/09/2026 10:39
ef569f40-9849-4b54-8e7d-62efd5b54eaf,organization.estate,available,6.41,31.25,high,low,12,spaceship,,,02/10/2026 23:35
148e099b-181d-4280-8d8c-d5816ef0bb44,bridges.estate,available,30.2,30.2,high,low,7,cloudflare,,,29/09/2026 04:06
a7f31c07-d1b8-4c53-9b04-d4543f1aa6ec,aquila.estate,available,6.98,52.98,medium,low,6,namecheap,,,19/09/2026 23:12
df402ceb-3883-448f-baf0-4ac39e9459bd,vanilla.estate,available,6.98,52.98,high,low,7,namecheap,,,13/09/2026 01:08
a08e7a93-b71c-424b-a8e6-e58e38df991d,olivia.estate,available,15.99,38.99,high,low,6,namesilo,,,28/09/2026 07:43
0acdd236-7a51-464d-863e-5afe5ff07592,aerobatics.estate,available,15.99,38.99,high,low,10,namesilo,,,17/09/2026 12:53
cb6d3d17-6172-4bbb-a676-ccca56fc4690,haifa.estate,available,6.98,52.98,high,low,5,namecheap,,,28/09/2026 02:03
b658bbf2-5dfb-4001-9800-0105c39026e9,wayne.estate,available,6.98,52.98,high,low,5,namecheap,,,19/09/2026 13:47
8729e54d-c9ba-4136-b80e-57d464a180d9,sallie.estate,available,6.41,31.25,medium,low,6,spaceship,,,30/09/2026 21:12
c2a72b37-a8e4-4345-a9ff-3807b246264d,calming.estate,available,6.98,52.98,high,low,7,namecheap,,,19/09/2026 20:28
f8f99576-748e-452f-9718-cd4ed210ea7b,ilx.estate,available,6.98,52.98,medium,low,3,namecheap,,,
b9211fb6-ab36-4ed5-aa45-88ddcf76195c,coulomb.estate,available,15.99,38.99,medium,low,7,namesilo,,,18/09/2026 23:08
4a280031-486d-4085-8d9f-d7e3ec95b309,agreeing.estate,available,15.99,38.99,high,low,8,namesilo,,,28/09/2026 15:41
4f2f866c-0969-4dd9-9f14-1bdaf4aed0a5,rainbow.estate,available,15,,high,medium,7,unstoppable,,,30/09/2026 09:08
629965c9-1e04-494a-9a7a-ad070e2e7985,undefined.estate,available,6.98,52.98,high,low,9,namecheap,,,12/09/2026 07:13
52ccf4e0-0268-4866-a552-8a409f180ece,outmost.estate,available,6.98,52.98,medium,low,7,namecheap,,,04/09/2026 19:19
3d6daead-3824-4722-928f-b62652ac616f,ntsc.estate,available,15,,high,low,4,unstoppable,,,01/10/2026 15:18
e96434d0-a89b-4842-aa1e-a09587a5c71c,plural.estate,available,6.98,52.98,high,low,6,namecheap,,,08/09/2026 22:02
db838a7e-12c3-44b1-a3e6-97b7dddd92de,fairest.estate,available,6.41,31.25,medium,low,7,spaceship,,,02/10/2026 22:09
09943156-45dc-4696-a69c-d9e8b956484f,superiority.estate,available,30.2,30.2,high,low,11,cloudflare,,,29/09/2026 16:23
965e3680-d6ea-42d8-a771-a4925edf1f6a,separating.estate,available,6.41,31.25,high,low,10,spaceship,,,29/09/2026 08:48
d1d17978-4604-4673-9839-c2f47855aca8,somerville.estate,available,6.98,52.98,medium,low,10,namecheap,,,27/09/2026 01:44
4125aa52-a92e-44ba-9c49-1888a1d296c1,minus.estate,available,6.98,52.98,medium,low,5,namecheap,,,25/08/2026 00:55
9a2a2550-7dcd-425b-a401-6d20c10dfd88,propertied.estate,available,6.98,52.98,high,low,10,namecheap,,,09/09/2026 03:34
e6e9a698-3bd9-43d3-80eb-d6b2cd70279a,globe.estate,resell,,,high,low,5,,,,28/09/2026 01:49
9b7f4a11-29d1-4432-8de9-0b80c0e4d1e2,nightfall.estate,available,6.98,52.98,high,low,9,namecheap,,,11/09/2026 21:44
74448f05-2bad-45df-a851-c568b14f8d61,alcides.estate,available,6.98,52.98,medium,low,7,namecheap,,,18/09/2026 04:05
cfeca70e-294f-4cbf-8fd5-09389803e6b1,utmost.estate,available,15.99,38.99,high,low,6,namesilo,,,24/09/2026 17:09
82d9ac03-63cd-455c-9573-5619a32f51eb,leave.estate,available,6.41,31.25,high,low,5,spaceship,,,29/09/2026 18:36
7433c4f5-3486-4999-ad2e-41ffb7551066,machinist.estate,available,6.98,52.98,high,low,9,namecheap,,,19/09/2026 17:14
14309a4c-955b-43a4-8a1b-304579343a15,aerology.estate,available,15.99,38.99,medium,low,8,namesilo,,,17/09/2026 13:08
cbf41306-931b-4fb5-90d1-fd6fecbbf26d,brethren.estate,available,15,,high,low,8,unstoppable,,,30/09/2026 00:52
7aab7b8d-0979-45d3-a2af-03b71b6d3c43,undoubtedly.estate,available,30.2,30.2,high,low,11,cloudflare,,,01/10/2026 13:46
43b13c82-71de-4e58-a099-eb966e2a145d,horsham.estate,available,15,,medium,low,7,unstoppable,,,02/10/2026 10:26
02db7b3a-fa53-4b34-83f3-e99617052ab9,fin.estate,resell,,,high,low,3,"Spaceship, Inc.",29/04/2024 15:15,29/04/2027 15:15,26/09/2026 06:05
ad438dd8-eac4-4550-8bdc-945417b64eca,unemployed.estate,available,15,,medium,low,10,unstoppable,,,28/09/2026 09:51
95530db7-6ab0-415d-b8bf-71c9ffa760bb,shedding.estate,available,8.24,31.41,high,low,8,porkbun,,,01/10/2026 01:44
0a1b120c-aae9-437d-8137-301b27fc8ec9,misfortune.estate,available,15.99,38.99,medium,low,10,namesilo,,,21/09/2026 16:43
76e1dd4e-b5a3-42a4-9d21-89ae8c581b23,collaborate.estate,available,15,,high,low,11,unstoppable,,,29/09/2026 20:56
6a85b0f8-c6eb-495a-a610-459353eb78fb,devised.estate,available,6.41,31.25,low,low,7,spaceship,,,29/09/2026 16:34
4ff3f165-170b-420b-b4d1-a120ae97c269,rollicking.estate,available,6.98,52.98,medium,low,10,namecheap,,,12/08/2026 18:08
36adf871-a01f-4673-aca2-54aae744f1b1,rye.estate,available,15.99,38.99,medium,low,3,namesilo,,,28/09/2026 15:17
da7da488-bb95-4da1-a555-2798c472733c,renascent.estate,available,6.98,52.98,high,low,9,namecheap,,,09/09/2026 13:55
44110310-3faf-4983-97c0-704e73e0b431,witching.estate,available,6.98,52.98,high,low,8,namecheap,,,13/09/2026 12:46
ede718c5-b441-411c-911f-62b8c57abb4c,proportion.estate,available,15,,high,low,10,unstoppable,,,30/09/2026 07:43
71bd4fb9-14a3-4b51-b7a8-fe03efb9c9c1,convictions.estate,available,30.2,30.2,medium,low,11,cloudflare,,,29/09/2026 04:50
396a5b1f-d90d-4242-b9c3-93224318283e,bitterroot.estate,available,15.99,38.99,medium,low,10,namesilo,,,23/09/2026 23:08
a0364966-b111-4493-bdab-cfabfda140ba,woody.estate,available,6.98,52.98,high,low,5,namecheap,,,06/08/2026 13:08
a99fe90a-2c20-43a5-838a-52c0ba767455,repaired.estate,available,6.41,31.25,medium,low,8,spaceship,,,28/09/2026 23:01
e7d0e50a-e41b-41cc-9250-09cfb812d3cf,invaluable.estate,available,15.99,38.99,high,low,10,namesilo,,,25/09/2026 11:01
78c018d7-5d96-4837-82a6-73489e587bdd,glissando.estate,available,6.98,52.98,medium,low,9,namecheap,,,14/09/2026 21:37
3871a15b-137e-4493-b2fe-cd99ff1fe802,emollient.estate,available,6.98,52.98,medium,low,9,namecheap,,,14/08/2026 01:39
41a1732a-eb8f-43c2-b127-ad11c51e1379,necessary.estate,available,15.99,38.99,high,low,9,namesilo,,,24/09/2026 15:21
bc5b5f00-4697-4147-8996-dbf286166683,barramundi.estate,available,15.99,38.99,medium,low,10,namesilo,,,20/09/2026 14:04
328d9c05-4663-4aeb-b302-a93ae3dd72d7,alfresco.estate,available,6.98,52.98,high,low,8,namecheap,,,
b3688408-47eb-49c1-add1-f4751ff2f6aa,ammoniac.estate,available,6.98,52.98,medium,low,8,namecheap,,,
84796b92-b576-4fd1-bf05-771de1b4fc23,unwashed.estate,available,6.98,52.98,medium,low,8,namecheap,,,08/09/2026 21:02
9835e4a2-edb9-4c2c-9e0d-983fe41f42e2,auk.estate,available,15.99,38.99,medium,low,3,namesilo,,,21/09/2026 04:07
ab5e16b9-4de7-4301-98bf-56aa1b5a0d30,ipsus.estate,available,6.98,52.98,medium,low,5,namecheap,,,22/09/2026 15:09
305b20dd-c315-49e6-bcca-753b5321fd57,tablet.estate,available,6.98,52.98,high,low,6,namecheap,,,28/09/2026 20:05
54064fda-2ecc-4ef8-bf4f-fd16a99391e7,graciously.estate,available,6.98,52.98,high,low,10,namecheap,,,14/09/2026 21:58
f61132ce-4c0f-4380-821b-ddb9dffc4fb5,daycare.estate,available,15.99,38.99,high,low,7,namesilo,,,03/10/2026 00:25
6449fdb1-6956-4896-af06-b6c9bb25b242,initiate.estate,available,6.98,52.98,high,low,8,namecheap,,,17/08/2026 09:35
0ed8005c-ab39-45a5-ac84-cf4c4d795ed6,laborer.estate,available,15.99,38.99,high,low,7,namesilo,,,30/09/2026 01:52
964eb1b3-877c-485a-9c74-f950b2f99608,cursing.estate,available,6.41,31.25,medium,low,7,spaceship,,,03/10/2026 03:02
50f79d5a-cea2-463a-a51f-b650d4b7bed3,ici.estate,available,15,,high,low,3,unstoppable,,,30/09/2026 05:17
4d3ed1f3-c7d5-4cfa-9c10-0567b6c45286,astray.estate,available,6.98,52.98,medium,low,6,namecheap,,,13/09/2026 22:14
de42db7e-319b-4692-ab3b-f0093041f310,desmond.estate,available,6.98,52.98,high,low,7,namecheap,,,26/09/2026 03:14
d44ca49a-849b-4e31-b02c-3e3d775b5b4e,metal.estate,available,6.98,52.98,high,low,5,namecheap,,,25/09/2026 19:55
c8a842d9-f5b3-428d-895b-08036ddb96f3,coppola.estate,available,15.99,38.99,high,low,7,namesilo,,,30/09/2026 16:47
e4babf89-89f0-4230-b205-6b992a65babf,afterbirth.estate,available,15.99,38.99,medium,low,10,namesilo,,,17/09/2026 15:34
af673a1f-867f-41ac-abc9-a935dfc0771c,lilac.estate,available,6.98,52.98,high,low,5,namecheap,,,22/08/2026 21:04
ac3b5036-6617-43d9-89f0-f2636da4c865,adoptee.estate,available,15.99,38.99,medium,low,7,namesilo,,,17/09/2026 09:39
1ac52d59-0e5f-4a02-afef-f8ef7b10c3aa,contributors.estate,available,6.98,52.98,medium,low,12,namecheap,,,02/10/2026 22:30
620c83f0-9edc-42b6-8e37-fded75e3cfc7,pabulum.estate,available,6.98,52.98,medium,low,7,namecheap,,,12/08/2026 18:49
aaad88d2-5d7c-45b1-ad3a-8df55598af21,exits.estate,available,15,,medium,low,5,unstoppable,,,28/09/2026 17:05
b296cc8a-cb9e-4193-bfe9-28d90abb6e33,citywide.estate,available,6.98,52.98,high,low,8,namecheap,,,12/08/2026 09:00
e5e0e1f7-862a-4c43-aaf5-d77b21905b80,ambulant.estate,available,6.98,52.98,medium,low,8,namecheap,,,
c9910283-5d04-4294-8c62-5de0b4720643,lover.estate,available,15.99,38.99,high,low,5,namesilo,,,23/09/2026 10:15
9232d741-f155-41ac-a165-8844242ff091,fatten.estate,available,6.98,52.98,medium,low,6,namecheap,,,17/08/2026 23:09
824ee352-4737-448c-88be-fa2e26e82aaf,hawkish.estate,available,6.98,52.98,medium,low,7,namecheap,,,21/08/2026 01:38
74df5733-ad9f-411f-b7c3-56ff41a32bbd,brookside.estate,available,8.24,31.41,high,low,9,porkbun,,,02/10/2026 18:33
2b6a5cc8-4e0f-41fa-939c-cfb4d167bcc2,guidelines.estate,available,15.99,38.99,medium,low,10,namesilo,,,29/09/2026 17:19
2ba3a9b4-744b-4710-84b3-8dd676c95096,peroxide.estate,available,6.41,31.25,high,low,8,spaceship,,,01/10/2026 02:39
be4c0d7f-0405-4712-97ce-56ec3ba70932,nonviable.estate,available,6.98,52.98,medium,low,9,namecheap,,,03/09/2026 21:02
1bec977c-f009-4527-8054-c82495feb225,catechu.estate,available,6.98,52.98,medium,low,7,namecheap,,,16/09/2026 20:04
084e2230-8113-483e-9ea8-d648c43834ce,sources.estate,available,15.99,38.99,medium,low,7,namesilo,,,17/09/2026 22:23
f168550f-78db-4581-9353-752ca7f2c2bb,mem.estate,available,15,,high,low,3,unstoppable,,,01/10/2026 20:31
40479a8b-f994-408b-b578-d25b7fd2d7dc,chainlike.estate,available,6.98,52.98,medium,low,9,namecheap,,,11/08/2026 21:34
7b4419dc-ccc7-437c-b5c2-f15ba2005ca4,personable.estate,available,6.98,52.98,high,low,10,namecheap,,,08/09/2026 17:59
97efe926-0209-44dc-897f-cb77555e89e5,unused.estate,available,8.24,31.41,medium,low,6,porkbun,,,28/09/2026 09:50
b909dd15-801f-4d55-b5e4-61cf4b53c27d,boxers.estate,available,15.99,38.99,high,low,6,namesilo,,,29/09/2026 03:50
9c4b93ea-a2f7-468d-a03e-119b6f812038,besides.estate,available,30.2,30.2,medium,low,7,cloudflare,,,28/09/2026 11:58
36967664-1ef3-4b04-9f4e-c5f1f298f322,margins.estate,available,30.2,30.2,medium,low,7,cloudflare,,,30/09/2026 06:12
988ec8cc-ed7a-44b8-91fe-a5eafea0fc7e,coworker.estate,available,15.99,38.99,high,low,9,namesilo,,,24/09/2026 16:09
b19f2a52-38eb-4685-8969-9dd515b84b6d,silly.estate,available,15.99,38.99,high,low,5,namesilo,,,21/09/2026 23:43
1546faa2-b5f5-412d-950f-afa2acd59cab,echoic.estate,available,6.98,52.98,medium,low,6,namecheap,,,14/08/2026 23:34
55cf1f3d-6e97-4468-9544-458631a7569a,alkeran.estate,available,15.99,38.99,medium,low,7,namesilo,,,18/09/2026 08:31
946e781e-de1b-4b98-998e-50f2c1680a0e,armeria.estate,available,15.99,38.99,medium,low,7,namesilo,,,20/09/2026 06:43
1b7d9977-3ff1-4da3-975d-3f5842e2377a,scab.estate,available,6.98,52.98,medium,low,4,namecheap,,,24/09/2026 02:52
f256dabe-6764-4057-b7d1-bdf6a7f4b50c,sao.estate,available,15.99,38.99,high,low,3,namesilo,,,02/10/2026 10:06
1e3bdb86-f664-49e5-a2c0-27b8ecc7e473,previous.estate,available,15.99,38.99,high,low,8,namesilo,,,01/10/2026 02:56
23db006c-4538-4c6f-b9d8-0ac78d1e1a8b,rollo.estate,available,15.99,38.99,high,low,5,namesilo,,,01/10/2026 02:38
987edb20-0a12-4d4e-83a2-2409c34d5520,charismatic.estate,available,15.99,38.99,high,low,11,namesilo,,,30/09/2026 12:00
9277d4bb-ed02-4230-8486-7eddaf0b95ca,dominion.estate,available,6.98,52.98,high,low,8,namecheap,,,24/09/2026 23:09
a6304bdb-8494-469b-a2b2-8199c72df1ec,chem.estate,available,15.99,38.99,high,low,4,namesilo,,,18/09/2026 00:59
d7dfa054-c1a0-4196-8b11-560f46a3c238,cbc.estate,available,6.41,31.25,high,low,3,spaceship,,,28/09/2026 00:59
57e35172-dace-4ccc-a434-fd67bed4d644,meetings.estate,available,15.99,38.99,medium,low,8,namesilo,,,27/09/2026 10:46
3421c93e-0e56-4edb-a78a-f8121850eb7e,uncut.estate,available,6.98,52.98,high,low,5,namecheap,,,12/09/2026 06:52
d677ee67-d708-442f-a051-dd65a70d6fbb,unbecoming.estate,available,6.98,52.98,medium,low,10,namecheap,,,22/08/2026 02:19
1bc1ddbd-bd02-496c-bd1b-79ef17ecad6c,spiraea.estate,available,15.99,38.99,medium,low,7,namesilo,,,20/09/2026 17:28
0bf837b5-041f-4034-ab22-484f670545cc,persecution.estate,available,8.24,32.21,medium,low,11,dynadot,,,29/09/2026 16:24
6fe74765-ed84-4ee1-a7c0-f392974d02ea,lizzy.estate,available,30.2,30.2,medium,low,5,cloudflare,,,02/10/2026 08:50
2943c38e-effa-4cbf-9dcf-6f90df9d4587,hurling.estate,available,6.41,31.25,medium,low,7,spaceship,,,01/10/2026 20:01
979099ac-429a-4dfa-af68-4ecc14f0c757,cilicia.estate,available,15.99,38.99,medium,low,7,namesilo,,,30/09/2026 13:19
77d96bf6-ba51-4079-b8cf-af2b23f8f760,cbt.estate,available,30.2,30.2,high,low,3,cloudflare,,,01/10/2026 15:54
6e230ee5-4d64-4bc5-8522-8fc384944e02,fascism.estate,available,15.99,38.99,medium,low,7,namesilo,,,30/09/2026 01:35
4c5cb530-0555-40ef-a739-c318741c62ed,eonian.estate,available,6.98,52.98,medium,low,6,namecheap,,,
458df51d-7263-42c8-829c-a1c95ba0ab34,antennaria.estate,available,6.98,52.98,medium,low,10,namecheap,,,19/09/2026 12:52
1a5a5de4-8115-45c0-a1e1-42b4820208d1,excellence.estate,available,8.24,31.41,high,low,10,porkbun,,,29/09/2026 06:50
5f49a00a-55a2-4d89-860a-44f1bdc56b0c,intolerable.estate,available,30.2,30.2,medium,low,11,cloudflare,,,30/09/2026 11:56
c3be1b7f-ff4b-48b3-8dee-e74398ff4d9f,photography.estate,premium,207.2,207.2,high,low,11,spaceship,,,02/10/2026 10:52
8b0efcde-c8f7-4fdb-98e4-323a6df7fd56,glances.estate,available,15.99,38.99,medium,low,7,namesilo,,,18/09/2026 02:11
19bf1a2b-0fbc-433a-b262-a6c10d67af44,discoveries.estate,available,6.41,31.25,low,low,11,spaceship,,,30/09/2026 06:23
ef3fa17c-b274-4c2a-b52d-e2a16d876a99,praising.estate,available,6.98,52.98,high,low,8,namecheap,,,22/08/2026 20:53
22602279-7389-4718-8ec6-198195cdb923,esthesis.estate,available,15.99,38.99,low,low,8,namesilo,,,17/09/2026 13:28
aa88ace4-18ef-4f8b-af53-e40ce0b4c4e3,dependable.estate,available,6.98,52.98,high,low,10,namecheap,,,14/08/2026 02:04
b6945211-a215-415b-938c-d9863b64459b,drank.estate,available,15.99,38.99,high,low,5,namesilo,,,28/09/2026 08:20
13c2d4a9-eba9-4fa7-b566-62c30718f332,refusal.estate,available,6.41,31.25,medium,low,7,spaceship,,,29/09/2026 02:01
d7c0c112-7ad9-45cb-98b3-4e43ce077d66,strengths.estate,available,6.98,52.98,medium,low,9,namecheap,,,18/09/2026 22:25
31ad61f0-5980-4afc-a1f5-caac59b97a5e,daredevil.estate,available,14.99,50.99,high,low,9,name.com,,,13/08/2026 17:43
63af5ac2-b8e1-4465-a9fe-4ebdb0dfae32,watertown.estate,available,15.99,38.99,medium,low,9,namesilo,,,28/09/2026 06:52
515046cc-4e71-4801-bf2f-b54dc0e76ef2,batfish.estate,available,14.99,50.99,medium,low,7,name.com,,,22/09/2026 13:14
8bb6fca4-fd46-42b6-93d3-f918e96b070a,savagery.estate,available,15.99,38.99,medium,low,8,namesilo,,,22/09/2026 04:29
40263cb8-00a7-4a2b-b60c-503fd7353cc9,newsless.estate,available,6.98,52.98,low,low,8,namecheap,,,03/09/2026 16:52
0bb69668-4719-4dfa-97b3-4ff3b1c52f59,freddy.estate,available,6.98,52.98,high,low,6,namecheap,,,28/09/2026 07:49
78d08d62-5d67-4083-853f-9fe11fbb3442,aac.estate,available,15,,high,low,3,unstoppable,,,29/09/2026 15:15
dc2f3b50-e46e-4b1d-a8f5-7180110e9185,crucifix.estate,available,6.41,31.25,high,low,8,spaceship,,,30/09/2026 16:50
7be50bf2-2ff2-4e29-bba8-cf8eb5a4a91a,absent.estate,available,15.99,38.99,high,low,6,namesilo,,,21/09/2026 14:37
d41e78d9-4af4-48ba-a46c-37b4e210f5f1,dignity.estate,available,6.41,31.25,high,low,7,spaceship,,,29/09/2026 14:56
d204c837-daa9-46b4-a411-bdfbfeb908d8,penance.estate,available,15.99,38.99,high,low,7,namesilo,,,02/10/2026 06:03
dee36f73-5cd6-46b9-81c0-fc71df611cf0,trauma.estate,available,15.99,38.99,high,low,6,namesilo,,,25/09/2026 07:04
f3c2217e-da27-4893-99f8-a5ce6aab7b57,motorized.estate,available,6.98,52.98,high,low,9,namecheap,,,24/08/2026 18:45
2a85a81e-cebb-4bcd-9e5d-cd4be75a6fd1,ness.estate,available,15.99,38.99,high,low,4,namesilo,,,29/09/2026 11:51
26bad8a3-5ce4-46e0-b19f-b53f9232c849,arouet.estate,available,15.99,38.99,medium,low,6,namesilo,,,20/09/2026 08:30
a05628a0-4df5-4cd4-a773-ea97aafb7b02,adi.estate,available,30.2,30.2,high,low,3,cloudflare,,,28/09/2026 16:16
e1175661-7753-4ff4-a9de-5842460cffcb,tasteful.estate,available,6.98,52.98,high,low,8,namecheap,,,11/09/2026 09:00
0e638bb4-e4b6-40a0-96e6-968ad5182cb1,shadow.estate,available,6.41,31.25,high,medium,6,spaceship,,,29/09/2026 17:19
182d3ba7-33fa-4285-8158-ab7738bc3c61,gar.estate,available,15.99,38.99,medium,low,3,namesilo,,,23/09/2026 16:11
aa70bca8-9c03-4020-b08a-848c0e9aac3c,objection.estate,available,15.99,38.99,high,low,9,namesilo,,,25/09/2026 22:40
417e922e-b953-435c-b79e-8fd392e0ceb1,fulfilled.estate,available,6.98,52.98,high,low,9,namecheap,,,18/08/2026 17:51
c875bde3-46a6-47af-9f89-0d23631023d9,rapture.estate,available,15,,high,low,7,unstoppable,,,02/10/2026 04:40
5e37ac5e-5a75-4526-9bbf-5f6cd799421e,decolour.estate,available,6.98,52.98,medium,low,8,namecheap,,,24/09/2026 05:11
d40caf7f-a323-4c2f-93af-991aaede7bb5,espionage.estate,available,15,,high,low,9,unstoppable,,,29/09/2026 06:49
4b0015e5-e282-45d6-bcf9-702605f36cb4,malayalam.estate,available,6.41,31.25,high,low,9,spaceship,,,30/09/2026 17:57
4c4d6211-c822-4393-bf04-19e315ab6854,cycloid.estate,available,14.99,50.99,medium,low,7,name.com,,,13/08/2026 13:37
87965cef-eb6c-4fce-a297-5c87a37ff534,jaw.estate,available,15.99,38.99,high,low,3,namesilo,,,27/09/2026 03:31
3a2c7144-7398-4359-92e1-a6b5b3969bb0,affair.estate,available,15.99,38.99,high,low,6,namesilo,,,17/09/2026 13:59
9cbf7537-4d52-459d-acac-282fd95b8d55,pleases.estate,available,6.41,31.25,medium,low,7,spaceship,,,02/10/2026 02:57
f061ac07-7793-4a06-9718-ad8c20762521,realization.estate,available,8.24,31.41,high,low,11,porkbun,,,29/09/2026 22:49
b533a091-3a83-461d-81c8-b2d62ff348a9,boldface.estate,available,6.98,52.98,high,low,8,namecheap,,,10/08/2026 17:43
573fffb6-6d5d-46e9-a083-222fb77672e9,reasonable.estate,available,15.99,38.99,high,low,10,namesilo,,,24/09/2026 16:20
27b50b85-cf0b-49f1-86c4-23c77fa2150d,shoebill.estate,available,6.98,52.98,medium,low,8,namecheap,,,21/09/2026 20:35
c16172d9-20ee-47c4-9a4e-af8fd41ab27b,bypast.estate,available,6.98,52.98,medium,low,6,namecheap,,,11/08/2026 12:08
f1eaf0f4-606b-4e89-a676-e6bfa0aa7229,stacy.estate,available,15,,high,low,5,unstoppable,,,28/09/2026 07:44
aa9a7661-376d-4f9d-a17e-86e9c37a0b0a,sagacious.estate,available,6.98,52.98,high,low,9,namecheap,,,08/09/2026 18:02
24bfc4ff-2c4e-40d3-94ca-cb30113571b9,anoa.estate,available,15.99,38.99,medium,low,4,namesilo,,,19/09/2026 11:10
b12af435-f737-49f4-8162-2da0316196c5,usefully.estate,available,15.99,38.99,medium,low,8,namesilo,,,16/09/2026 10:28
a80b070a-0d25-43d6-b0de-4a62f583aee3,usb.estate,available,6.41,31.25,high,low,3,spaceship,,,28/09/2026 03:21
10f14d84-fd02-48ab-800a-d266cba69161,knotty.estate,available,6.98,52.98,high,low,6,namecheap,,,08/08/2026 08:12
d33cca65-65d6-4f53-aac5-557ef45b12e7,wryly.estate,available,15.99,38.99,medium,low,5,namesilo,,,16/09/2026 11:46
809be543-cfb1-4398-ab48-d1df73baf2d5,frankenstein.estate,available,8.24,32.21,high,low,12,dynadot,,,28/09/2026 21:01
f7453317-4716-45c3-8dad-350fa79e6f7f,flatter.estate,available,15.99,38.99,high,low,7,namesilo,,,29/09/2026 08:22
4543cf2b-a45e-44d8-8736-f84dac28fbe4,socket.estate,available,6.41,31.25,high,low,6,spaceship,,,29/09/2026 13:58
12669a49-5971-4ee5-a6a4-ad1645a4a58c,stoppage.estate,available,6.98,52.98,medium,low,8,namecheap,,,20/08/2026 22:57
506df9b8-dfbf-42d5-aa5b-f89ae7a9c6cb,invitations.estate,available,8.24,31.41,medium,low,11,porkbun,,,29/09/2026 11:30
e990e866-4604-4d1c-8211-594fbb1e1b15,britton.estate,available,15.99,38.99,medium,low,7,namesilo,,,28/09/2026 12:10
b5b08cf7-089b-448f-85c0-5268a0fbe88c,unspoken.estate,available,6.98,52.98,high,low,8,namecheap,,,03/09/2026 11:51
7b7481f4-8d13-46c1-99ca-0c5b76cd215b,scare.estate,available,15.99,38.99,high,low,5,namesilo,,,17/09/2026 14:51
04fb585e-1a2a-416d-99a8-9062cc6b1ad7,conformist.estate,available,6.98,52.98,high,low,10,namecheap,,,12/08/2026 21:13
86506ffe-7ebe-418a-8804-8654da13a841,locked.estate,available,15.99,38.99,high,low,6,namesilo,,,27/09/2026 02:54
0a74a9fd-474e-46df-8220-333704cf67b0,joins.estate,available,6.41,31.25,medium,low,5,spaceship,,,29/09/2026 17:15
9219d9cb-9315-4c72-9609-024ed23f77b3,brag.estate,available,14.99,50.99,high,low,4,name.com,,,23/09/2026 00:49
04dd745c-ee2f-47a3-b85b-9a484c51832e,citric.estate,available,6.98,52.98,medium,low,6,namecheap,,,12/08/2026 08:54
947658fe-8448-4f6b-88c2-67a3b0588152,asparagus.estate,available,6.98,52.98,high,low,9,namecheap,,,20/09/2026 14:40
d79f2554-554a-4d5a-8378-d09c88b9de46,trying.estate,available,6.98,52.98,high,low,6,namecheap,,,03/09/2026 15:44
d97967e9-6726-4581-82fa-2f3eb51a5b0a,lohan.estate,available,15.99,38.99,medium,low,5,namesilo,,,20/09/2026 05:07
e7543fb0-2a1c-4bba-8a3a-c8b79d4d17fe,vegetative.estate,available,6.98,52.98,medium,low,10,namecheap,,,13/09/2026 01:44
626fe14f-e1d7-4dd4-8d02-111e719de01e,deflated.estate,available,6.98,52.98,medium,low,8,namecheap,,,12/08/2026 02:17
8673a096-2d6d-4d59-9f6b-0bdb83fffb80,malone.estate,available,6.98,52.98,high,low,6,namecheap,,,25/09/2026 05:13
a552a429-0e19-4bd7-8799-a306e6fa0c6f,argonauta.estate,available,15.99,38.99,medium,low,9,namesilo,,,20/09/2026 04:32
c42883af-b2ff-4418-bbbb-92f76dfe1f9a,truly.estate,available,15.99,38.99,high,low,5,namesilo,,,28/09/2026 15:02
fed519fd-cc99-47bb-b51a-f684adc673b5,sneeze.estate,available,8.24,32.21,high,low,6,dynadot,,,30/09/2026 11:17
18ba7401-f76b-44b0-a932-64a2ab614b3d,quaker.estate,available,15,,high,low,6,unstoppable,,,29/09/2026 20:05
883dc9c1-1a1f-4192-bf09-e567249786d1,morley.estate,available,15.99,38.99,high,low,6,namesilo,,,25/09/2026 05:08
2175d7cc-65f5-4ab7-a20a-742546d4ed11,candles.estate,available,15.99,38.99,high,low,7,namesilo,,,18/09/2026 07:24
d7d664de-bce4-4b88-a981-ab4627c42490,okra.estate,available,6.98,52.98,high,low,4,namecheap,,,16/09/2026 15:04
f0daaa97-6556-4a25-8a0a-8ab7fe8d0143,unpainted.estate,available,6.98,52.98,medium,low,9,namecheap,,,12/09/2026 16:25
7de331eb-6835-4bd7-aff5-89d6ef2be7ea,unbelievably.estate,available,30.2,30.2,medium,low,12,cloudflare,,,03/10/2026 03:28
01d476fd-d731-4f3e-9442-159e5e300f67,renewed.estate,available,6.98,52.98,high,low,7,namecheap,,,09/09/2026 14:04
faac1f65-942b-49c3-b127-7d0e00cae961,lag.estate,available,15.99,38.99,high,low,3,namesilo,,,25/09/2026 10:16
f96a92bb-75e6-4ea6-9e64-9f65f069c045,rodents.estate,available,15,,low,low,7,unstoppable,,,30/09/2026 15:36
2fea966e-9594-4b17-9aa0-a5dff1dc8089,chilling.estate,available,6.98,52.98,medium,low,8,namecheap,,,12/08/2026 05:19
9b285f12-6bff-4cc7-9864-352feff6f967,centre.estate,available,15.99,38.99,high,low,6,namesilo,,,23/09/2026 13:22
98fdb274-de01-42ad-8880-b89bf007a549,arvn.estate,available,15.99,38.99,medium,low,4,namesilo,,,30/09/2026 04:50
d9eeae09-fa5a-41f9-8991-27ff308da1f1,convoluted.estate,available,6.98,52.98,high,low,10,namecheap,,,12/08/2026 23:59
0a794d33-87cd-4017-a14c-7979f6de7be2,ytterbium.estate,available,15.99,38.99,medium,low,9,namesilo,,,20/09/2026 23:38
99756470-97f0-49d7-ad97-196979e6f7a7,liquids.estate,available,6.41,31.25,medium,low,7,spaceship,,,01/10/2026 14:18
10db55e9-6847-4d63-ac67-3c4dcc0ba440,phil.estate,available,15,,high,medium,4,unstoppable,,,02/10/2026 08:48
8d1d7a3b-967c-4e8d-bb5f-97533b852286,anshar.estate,available,15.99,38.99,medium,low,6,namesilo,,,19/09/2026 12:12
9afae7bf-3b5d-4890-875d-e954a4e759ff,barong.estate,available,6.98,52.98,medium,low,6,namecheap,,,22/09/2026 07:38
0b91bd72-0dd3-48c3-9bb0-76fd896d3729,chopin.estate,available,30.2,30.2,high,low,6,cloudflare,,,02/10/2026 04:21
16cbbe12-9fa4-4a0b-a4c3-381a390fd1de,complaint.estate,available,6.98,52.98,high,low,9,namecheap,,,25/09/2026 07:37
69cf8774-4a09-49d6-a5f4-6f4139b06756,checkers.estate,available,15.99,38.99,high,low,8,namesilo,,,24/09/2026 13:59
797dc6f8-b2a8-4018-abf3-1ef2c25ca06a,clowns.estate,available,15,,medium,low,6,unstoppable,,,30/09/2026 07:41
62a04a56-8346-4085-8a73-24d452444a39,incan.estate,available,6.98,52.98,medium,low,5,namecheap,,,22/08/2026 00:44
c8b823b9-ad76-444d-8958-48e2b86083d5,orphans.estate,available,15,,low,low,7,unstoppable,,,28/09/2026 18:19
bcdb2d50-8a01-4a71-8e84-589671160250,rustless.estate,available,6.98,52.98,medium,low,8,namecheap,,,09/09/2026 20:19
73baf264-ff45-48a8-80a9-85e2a11a772f,ignore.estate,available,6.41,31.25,high,low,6,spaceship,,,27/09/2026 23:32
1fcb8b6d-d1a7-43a3-b4ee-3f5ec8d9b7fb,makeovers.estate,available,15.99,38.99,medium,low,9,namesilo,,,21/09/2026 08:55
114777fb-ed60-4baa-8b9f-785b3c1de2b5,retina.estate,available,30.2,30.2,high,low,6,cloudflare,,,30/09/2026 10:05
de45d2f4-0258-429e-8f38-be7d3d1e7792,accelerations.estate,available,6.41,31.25,low,low,13,spaceship,,,02/10/2026 22:27
1186ca22-c49a-43c7-ba52-cb9d3d705f54,lorain.estate,available,15.99,38.99,high,low,6,namesilo,,,30/09/2026 21:46
93584e5e-cc40-4ff3-ad52-ac886fdb712d,clifford.estate,available,6.98,52.98,high,low,8,namecheap,,,25/09/2026 14:06
433c81be-760f-480f-9341-1c9b528eb842,lothian.estate,available,8.24,32.21,medium,low,7,dynadot,,,30/09/2026 00:22
1e97d269-222d-4114-ae1b-a2f5132737e0,consulting.estate,resell,,,high,low,10,"Gransy, s.r.o.",21/11/2025 11:02,21/11/2026 11:02,01/10/2026 18:36
dc4e5551-b2f0-4b91-abf5-d19e6782d4e1,concourse.estate,available,6.98,52.98,high,low,9,namecheap,,,29/09/2026 10:34
f51b2c78-e500-4683-9f0e-d6335cecaf3e,theban.estate,available,6.98,52.98,medium,low,6,namecheap,,,11/09/2026 12:35
03d2331b-d3f4-4449-b8dd-68d7ca401da1,coined.estate,available,30.2,30.2,medium,low,6,cloudflare,,,02/10/2026 01:39
c0c56d49-0f37-4235-8955-ac38ebd02436,cheesy.estate,available,14.99,50.99,medium,low,6,name.com,,,23/09/2026 11:13
04a49b0e-c15c-4aa5-b089-5396a027d4c8,queenlike.estate,available,6.98,52.98,medium,low,9,namecheap,,,09/09/2026 07:54
ab336d8e-202a-4a2f-af39-afa6500f4f5b,rant.estate,available,15.99,38.99,high,low,4,namesilo,,,24/09/2026 03:37
bafa2ca6-46f9-43cd-994a-14ced16316f8,multichannel.estate,available,15.99,38.99,high,low,12,namesilo,,,02/10/2026 07:39
4f378e88-28e8-4184-99d5-b037cc257bb2,albula.estate,available,15.99,38.99,medium,low,6,namesilo,,,18/09/2026 03:24
3d769618-7694-4671-ac51-2923dc754957,tunica.estate,available,15.99,38.99,medium,low,6,namesilo,,,17/09/2026 10:35
003ebe55-c7dd-401b-a665-96c592f90903,ibsen.estate,available,15.99,38.99,high,low,5,namesilo,,,29/09/2026 13:02
d5365321-f0d2-4351-b471-eacad39f5358,plagued.estate,available,8.24,31.41,medium,low,7,porkbun,,,29/09/2026 03:23
312e4a28-e208-45c8-8b01-2ed908600c4b,hydraulic.estate,available,6.98,52.98,high,low,9,namecheap,,,21/08/2026 16:17
95b9ad21-3d15-4539-83a9-a281129c6ce7,inventing.estate,available,6.41,31.25,medium,low,9,spaceship,,,02/10/2026 02:11
57d695e5-55ae-428d-b2bd-1ab6a8979f2b,ossified.estate,available,6.98,52.98,medium,low,8,namecheap,,,18/08/2026 13:15
cbc2129a-015d-4f8b-a8c2-9788b0e43135,orgy.estate,available,15.99,38.99,medium,low,4,namesilo,,,23/09/2026 17:17
1ed9dd6b-bd4b-4064-942e-372aa65c7549,tatum.estate,available,15.99,38.99,high,low,5,namesilo,,,20/09/2026 10:00
c3b34031-cb54-4f01-8e9a-dbb4684c0222,crowing.estate,available,6.98,52.98,medium,low,7,namecheap,,,10/08/2026 16:37
728b4f0c-bae6-419c-afcf-ce53f0ef8a7d,oberlin.estate,available,15.99,38.99,medium,low,7,namesilo,,,28/09/2026 04:20
cb426345-8629-4987-960e-ebc83d4d9719,slovenly.estate,available,6.98,52.98,medium,low,8,namecheap,,,18/08/2026 16:55
ffb9a7d2-0c25-4d46-8307-ee78bb8ef996,snakebird.estate,available,15.99,38.99,medium,low,9,namesilo,,,19/09/2026 08:17
2c17ce22-caa3-47a8-8808-9873c6c057a6,orleans.estate,available,15,,high,low,7,unstoppable,,,30/09/2026 06:15
f27e9b9d-fcd2-42d1-88e5-438108230980,removed.estate,available,15.99,38.99,high,low,7,namesilo,,,26/09/2026 00:50
27f54d4c-9585-4883-b78b-d557fd1269d0,bane.estate,available,15.99,38.99,medium,low,4,namesilo,,,22/09/2026 01:39
f436d1c3-d1d7-473c-bad4-354ea291a23f,handle.estate,available,6.98,52.98,high,low,6,namecheap,,,08/09/2026 13:26
adf2948d-8c53-4172-8b76-3dc6028d7a49,mosaic.estate,available,6.98,52.98,high,medium,6,namecheap,,,25/08/2026 06:45
0e243624-c207-4491-8df4-24979e31e99e,recluse.estate,available,6.98,52.98,high,low,7,namecheap,,,09/09/2026 11:38
9560bb82-c5a8-4f42-8705-cf614b2ec8e8,pena.estate,available,30.2,30.2,medium,low,4,cloudflare,,,30/09/2026 13:00
2736d79f-4315-4bf8-82ba-3a40d674bf2c,pio.estate,available,8.24,31.41,high,low,3,porkbun,,,30/09/2026 13:33
b73b05d8-a7e5-42b9-b95b-3fa4ec9d9cfb,uphill.estate,available,6.98,52.98,medium,low,6,namecheap,,,
8b821369-ef0c-4226-8711-fbec93836bce,lichfield.estate,available,15,,medium,low,9,unstoppable,,,30/09/2026 12:48
d03859c3-c209-4658-b597-89921190c10c,quentin.estate,available,6.98,52.98,medium,low,7,namecheap,,,27/09/2026 01:36
0b0a0b7c-c99b-47cc-a342-58019eda1653,laws.estate,available,15.99,38.99,high,low,4,namesilo,,,30/09/2026 02:25
44b4bd78-e38e-4b85-9375-b6696103d9c2,broom.estate,available,15.99,38.99,high,low,5,namesilo,,,24/09/2026 10:47
19ebeadc-45c4-4c17-a1f7-27a4d6d1974e,ruled.estate,available,30.2,30.2,high,low,5,cloudflare,,,27/09/2026 16:50
761becdc-8758-4983-87ff-4a08846b2dd8,realizing.estate,available,30.2,30.2,medium,low,9,cloudflare,,,28/09/2026 23:15
ae5e7b9c-aa78-4c8a-a9b3-58d9fce126f8,spines.estate,available,8.24,32.21,low,low,6,dynadot,,,02/10/2026 22:03
ee6a4bab-d908-460f-92ea-53650047e303,guinness.estate,available,15.99,38.99,high,low,8,namesilo,,,18/09/2026 04:41
8ff7b55e-2066-48e2-b6a8-02130efec459,sum.estate,available,6.41,31.25,high,low,3,spaceship,,,02/10/2026 06:59
a35890ed-6cc7-4eb1-a566-0903e9c664b5,coursework.estate,available,6.41,31.25,high,low,10,spaceship,,,30/09/2026 16:49
3830e1d2-9c5c-4b88-8e05-f55e3c25ec9d,batteries.estate,available,8.24,32.21,medium,low,9,dynadot,,,27/09/2026 23:45
063c52ca-6a6d-4c69-b615-28089a72d1c0,aliyah.estate,available,15.99,38.99,high,low,6,namesilo,,,18/09/2026 08:11
6f266d96-32c9-47a0-b760-20075b3a6fb2,timeworn.estate,available,6.98,52.98,medium,low,8,namecheap,,,08/08/2026 11:14
fa191d45-5d3b-400c-874a-bc3bc2383072,luckily.estate,available,6.98,52.98,high,low,7,namecheap,,,13/09/2026 21:22
637d4de4-45b3-44a4-b024-af51b0a4958c,recognizing.estate,available,8.24,31.41,medium,low,11,porkbun,,,30/09/2026 23:30
e223cf77-06eb-491b-b17e-7b7f753ec544,static.estate,available,6.98,52.98,high,low,6,namecheap,,,16/08/2026 02:42
690efdd4-6ce6-4d16-b280-cde62515cd61,toughest.estate,available,6.41,31.25,medium,low,8,spaceship,,,30/09/2026 00:39
dc0ac7f3-a162-4a6b-bf96-e6b3a9d4285c,forerunners.estate,available,6.41,31.25,medium,low,11,spaceship,,,01/10/2026 18:42
0394281f-7068-4f57-bf86-5396de66108c,earning.estate,available,15,,medium,low,7,unstoppable,,,28/09/2026 13:27
16ddcee9-7bc6-46bf-bbb8-5b57d011dccf,kenaf.estate,available,6.98,52.98,medium,low,5,namecheap,,,23/09/2026 16:55
a2e277b5-332b-42df-9086-d6a3fdc4860d,eyebrows.estate,available,6.41,31.25,medium,low,8,spaceship,,,30/09/2026 06:11
edd8a715-de26-4920-905d-72c2e8d2a3ce,hatchet.estate,available,15,,high,low,7,unstoppable,,,30/09/2026 09:59
3a85320c-9dc2-4c16-8858-c29c03986ff5,catoptric.estate,available,6.98,52.98,medium,low,9,namecheap,,,11/08/2026 22:12
62b7fac4-d3f0-4e14-871b-f01dc66f9431,tabular.estate,available,6.98,52.98,high,low,7,namecheap,,,11/09/2026 06:55
f8445a12-c2aa-48b7-80f5-97c1956425e5,expose.estate,available,8.24,31.41,high,low,6,porkbun,,,29/09/2026 16:08
fe88ed0d-b681-433c-be1f-dddccfb32d03,thematic.estate,available,6.98,52.98,high,low,8,namecheap,,,11/09/2026 12:43
deb1b40b-8e0f-4608-857f-ff74d95e1000,lefty.estate,available,6.41,31.25,high,low,5,spaceship,,,02/10/2026 05:35
ca433d62-2062-4d15-9399-2af7729a3823,alopecia.estate,available,6.98,52.98,medium,low,8,namecheap,,,18/09/2026 13:18
c397b5ba-aaa3-476f-bd27-36e8f5e32937,advancer.estate,available,15.99,38.99,high,low,8,namesilo,,,17/09/2026 10:28
1e5fb5de-1568-4d0a-b2bc-e9d024380caf,pourboire.estate,available,15.99,38.99,medium,low,9,namesilo,,,21/09/2026 15:52
d238effc-8fa1-4977-ba63-5c5cf6554c23,fungi.estate,available,15,,high,low,5,unstoppable,,,01/10/2026 19:40
75fd5112-a046-4cac-9564-caf4b7baf4af,zhuang.estate,available,6.98,52.98,high,low,6,namecheap,,,03/10/2026 02:24
503dc955-f69c-4bb8-a601-d9cad0cdabf2,moe.estate,available,15.99,38.99,high,medium,3,namesilo,,,28/09/2026 12:10